,AASeq,cloneCount,cloneFraction,Vregion,Dregion,Jregion,NNSeq,Length,RunId,Chain
233,CASSLGQSTDTQYF,16855.0,0.2720347326457819,TRBV5-1,TRBD2,TRBJ2-3,TGCGCCAGCAGCTTAGGGCAGTCCACAGATACGCAGTATTTT,14,SRR2905714,TRB
18,CARTRTGHDEQYF,2890.0,0.0466437482851563,TRBV12-3,TRBD1,TRBJ2-7,TGTGCCAGAACTAGGACAGGGCACGATGAGCAGTACTTC,13,SRR2905714,TRB
523,CASSWTSGNEQFF,889.0,0.0143481980019044,TRBV7-9,TRBD2,TRBJ2-1,TGTGCCAGCAGCTGGACTAGCGGGAACGAGCAGTTCTTC,13,SRR2905714,TRB
405,CASSQGPGDYNEQFF,879.0,0.0141868009490146,TRBV7-9,TRBD1,TRBJ2-1,TGTGCCAGCAGCCAGGGACCGGGAGATTACAATGAGCAGTTCTTC,15,SRR2905714,TRB
425,CASSRAAGVFKGEQYF,879.0,0.0141868009490146,TRBV5-1,TRBD2,TRBJ2-7,TGCGCCAGCAGCCGGGCAGCGGGAGTCTTCAAGGGGGAGCAGTACTTC,16,SRR2905714,TRB
344,CASSPGLIDTQYF,814.0,0.0131377201052308,TRBV6-5,TRBD1,TRBJ2-3,TGTGCCAGCAGTCCAGGGCTGATAGATACGCAGTATTTT,13,SRR2905714,TRB
546,CASSYTGNSGANVLTF,812.0,0.0131054406946529,TRBV6-5,Unknown,TRBJ2-6,TGTGCCAGCAGTTACACAGGGAACTCTGGGGCCAACGTCCTGACTTTC,16,SRR2905714,TRB
585,CATSPTDSYEQYF,803.0,0.012960183347052,TRBV15,TRBD1,TRBJ2-7,TGTGCCACCAGCCCGACAGACTCCTACGAGCAGTACTTC,13,SRR2905714,TRB
365,CASSPRDYLYEQYF,795.0,0.0128310657047402,TRBV7-9,TRBD2,TRBJ2-7,TGTGCCAGCAGCCCCCGGGACTACCTCTACGAGCAGTACTTC,14,SRR2905714,TRB
605,CATSSSAYEQYF,770.0,0.0124275730725156,TRBV15,Unknown,TRBJ2-7,TGTGCCACCAGCAGCTCCGCCTACGAGCAGTACTTC,12,SRR2905714,TRB
590,CATSRDRLNEQFF,739.0,0.0119272422085572,TRBV15,Unknown,TRBJ2-1,TGTGCCACCAGCAGGGACAGGCTGAATGAGCAGTTCTTC,13,SRR2905714,TRB
541,CASSYSAGGPAEQFF,723.0,0.0116690069239335,TRBV6-2,TRBD2,TRBJ2-1,TGTGCCAGCAGTTATTCGGCGGGAGGGCCGGCTGAGCAGTTCTTC,15,SRR2905714,TRB
189,CASSLDRWNEQYF,723.0,0.0116690069239335,TRBV27,TRBD1,TRBJ2-7,TGTGCCAGCAGTTTAGACAGGTGGAACGAGCAGTACTTC,13,SRR2905714,TRB
455,CASSSGKNIQYF,715.0,0.0115398892816217,TRBV6-2,TRBD1,TRBJ2-4,TGTGCCAGCAGTTCCGGGAAAAACATTCAGTACTTC,12,SRR2905714,TRB
356,CASSPMDGQETQYF,713.0,0.0115076098710437,TRBV6-5,Unknown,TRBJ2-5,TGTGCCAGCAGCCCTATGGACGGACAAGAGACCCAGTACTTC,14,SRR2905714,TRB
604,CATSSRSSYEQYF,709.0,0.0114430510498878,TRBV15,Unknown,TRBJ2-7,TGTGCCACCAGCAGCAGGAGCTCCTACGAGCAGTACTTC,13,SRR2905714,TRB
23,CASFPLGRGFETQYF,692.0,0.0111686760599751,TRBV27,TRBD1,TRBJ2-5,TGTGCCAGCTTTCCCCTGGGCAGGGGGTTTGAGACCCAGTACTTC,15,SRR2905714,TRB
304,CASSLVDSGTYEQYF,676.0,0.0109104407753514,TRBV7-9,TRBD1,TRBJ2-7,TGTGCCAGCAGCTTAGTGGACAGTGGGACCTACGAGCAGTACTTC,15,SRR2905714,TRB
8,CAIAFDLSYEQYF,673.0,0.0108620216594844,TRBV6-6,Unknown,TRBJ2-7,TGTGCCATCGCGTTCGACCTCTCCTACGAGCAGTACTTC,13,SRR2905714,TRB
336,CASSPDQATDTQYF,669.0,0.0107974628383285,TRBV7-9,Unknown,TRBJ2-3,TGTGCCAGCAGCCCCGATCAGGCCACAGATACGCAGTATTTT,14,SRR2905714,TRB
641,CSARTRVGYYNEQFF,658.0,0.0106199260801497,TRBV20-1,TRBD2,TRBJ2-1,TGCAGTGCTAGAACTAGAGTCGGCTACTACAATGAGCAGTTCTTC,15,SRR2905714,TRB
38,CASKVGANTGELFF,651.0,0.0105069481431269,TRBV21-1,Unknown,TRBJ2-2,TGTGCCAGCAAAGTCGGCGCGAACACCGGGGAGCTGTTTTTT,14,SRR2905714,TRB
314,CASSLVTGGELFF,647.0,0.0104423893219709,TRBV7-2,TRBD1,TRBJ2-2,TGTGCCAGCAGCTTAGTTACAGGCGGGGAGCTGTTTTTT,13,SRR2905714,TRB
125,CASSFPTSGSEQYF,630.0,0.0101680143320582,TRBV7-9,TRBD2,TRBJ2-7,TGTGCCAGCAGCTTCCCGACTAGCGGGAGCGAGCAGTACTTC,14,SRR2905714,TRB
398,CASSQDVGLAGNEQFF,624.0,0.0100711761003244,TRBV4-3,TRBD2,TRBJ2-1,TGCGCCAGCAGCCAAGACGTCGGACTAGCGGGAAATGAGCAGTTCTTC,16,SRR2905714,TRB
93,CASSDGSSYNEQFF,613.0,0.0098936393421456,TRBV6-4,Unknown,TRBJ2-1,TGTGCCAGCAGTGACGGTAGCTCCTACAATGAGCAGTTCTTC,14,SRR2905714,TRB
527,CASSYGFGEETQYF,602.0,0.0097161025839668,TRBV6-2,Unknown,TRBJ2-5,TGTGCCAGCAGTTACGGTTTCGGGGAAGAGACCCAGTACTTC,14,SRR2905714,TRB
29,CASGPEGRYYEQYF,570.0,0.0091996320147194,TRBV6-2,TRBD2,TRBJ2-7,TGTGCCAGCGGGCCCGAAGGGAGATACTACGAGCAGTACTTC,14,SRR2905714,TRB
68,CASRNTDTQYF,563.0,0.0090866540776965,TRBV6-6,Unknown,TRBJ2-3,TGTGCCAGCAGGAACACAGATACGCAGTATTTT,11,SRR2905714,TRB
496,CASSTITSGSPYEQYF,545.0,0.0087961393824948,TRBV6-2,TRBD2,TRBJ2-7,TGTGCCAGCAGTACTATTACTAGCGGGAGTCCATACGAGCAGTACTTC,16,SRR2905714,TRB
120,CASSFLGQGSDEQYF,536.0,0.008650882034894,TRBV7-9,TRBD1,TRBJ2-7,TGTGCCAGCAGCTTTTTGGGACAGGGATCCGACGAGCAGTACTTC,15,SRR2905714,TRB
268,CASSLPPGHRLGFANTGELFF,535.0,0.008634742329605,TRBV5-1,TRBD1,TRBJ2-2,TGCGCCAGCAGCCTCCCCCCGGGACACAGATTGGGTTTCGCGAACACCGGGGAGCTGTTTTTT,21,SRR2905714,TRB
97,CASSDSNTGELFF,534.0,0.008618602624316,TRBV7-9,Unknown,TRBJ2-2,TGTGCCAGCAGCGATAGTAACACCGGGGAGCTGTTTTTT,13,SRR2905714,TRB
303,CASSLTWTYEQYF,532.0,0.0085863232137381,TRBV7-2,Unknown,TRBJ2-7,TGTGCCAGCAGCTTAACCTGGACCTACGAGCAGTACTTC,13,SRR2905714,TRB
60,CASRGTDTGELFF,528.0,0.0085217643925821,TRBV5-4,TRBD1,TRBJ2-2,TGTGCCAGCAGAGGGACCGACACCGGGGAGCTGTTTTTT,13,SRR2905714,TRB
214,CASSLFEGGRETQYF,525.0,0.0084733452767152,TRBV5-1,TRBD1,TRBJ2-5,TGCGCCAGCAGCTTGTTTGAAGGGGGTAGGGAGACCCAGTACTTC,15,SRR2905714,TRB
584,CATSPHAGGSSYNEQFF,514.0,0.0082958085185364,TRBV15,Unknown,TRBJ2-1,TGTGCCACCAGCCCTCATGCAGGAGGGAGCTCCTACAATGAGCAGTTCTTC,17,SRR2905714,TRB
56,CASRELTSGSVGDTQYF,512.0,0.0082635291079584,TRBV6-2,TRBD2,TRBJ2-3,TGTGCCAGCAGGGAATTAACTAGCGGGAGTGTTGGAGATACGCAGTATTTT,17,SRR2905714,TRB
255,CASSLKNEEYF,512.0,0.0082635291079584,TRBV5-1,Unknown,TRBJ2-7,TGCGCCAGCAGCTTAAAGAACGAGGAGTACTTC,11,SRR2905714,TRB
243,CASSLGSYEQYF,468.0,0.0075533820752432075,TRBV7-9,Unknown,TRBJ2-7,TGTGCCAGCAGCTTAGGCTCCTACGAGCAGTACTTC,12,SRR2905714,TRB
164,CASSIRSSYEQYF,468.0,0.0075533820752433,TRBV19,Unknown,TRBJ2-7,TGTGCCAGTAGTATTCGTAGCAGCTACGAGCAGTACTTC,13,SRR2905714,TRB
380,CASSPWTGSSYNEQFF,457.0,0.0073758453170645,TRBV14,TRBD1,TRBJ2-1,TGTGCCAGCAGCCCGTGGACAGGGAGCTCCTACAATGAGCAGTTCTTC,16,SRR2905714,TRB
236,CASSLGRGEQYF,445.0,0.0071821688535967,TRBV7-9,Unknown,TRBJ2-7,TGTGCCAGCAGCTTAGGTCGGGGCGAGCAGTACTTC,12,SRR2905714,TRB
47,CASNPGTTQYF,441.0,0.0071176100324408,TRBV7-9,TRBD1,TRBJ2-5,TGTGCCAGCAACCCCGGAACGACCCAGTACTTC,11,SRR2905714,TRB
27,CASGKSGTYSYNEQFF,400.0,0.0064558821155925,TRBV27,TRBD2,TRBJ2-1,TGTGCCAGCGGGAAATCCGGGACTTATTCCTACAATGAGCAGTTCTTC,16,SRR2905714,TRB
187,CASSLDRESEQFF,388.0,0.0062622056521247,TRBV5-1,Unknown,TRBJ2-1,TGCGCCAGCAGCCTGGACAGGGAAAGTGAGCAGTTCTTC,13,SRR2905714,TRB
261,CASSLLSGANVLTF,376.0,0.006068529188657,TRBV5-1,Unknown,TRBJ2-6,TGCGCCAGCAGCTTGCTCTCTGGGGCCAACGTCCTGACTTTC,14,SRR2905714,TRB
352,CASSPLAGTDTQYF,371.0,0.0059878306622121,TRBV5-1,TRBD2,TRBJ2-3,TGCGCCAGCAGCCCACTAGCGGGAACAGATACGCAGTATTTT,14,SRR2905714,TRB
393,CASSQDRPSRYTGELFF,341.0,0.0055036395035426,TRBV14,TRBD2,TRBJ2-2,TGTGCCAGCAGCCAAGATCGGCCTAGTAGGTACACCGGGGAGCTGTTTTTT,17,SRR2905714,TRB
1,CAAPPGQGSADTQYF,341.0,0.0055036395035426,TRBV6-6,TRBD1,TRBJ2-3,TGTGCCGCCCCCCCGGGACAGGGGTCGGCAGATACGCAGTATTTT,15,SRR2905714,TRB
417,CASSQTRLAGGSPQETQYF,325.0,0.0052454042189189,TRBV3-2,TRBD2,TRBJ2-5,TGTGCCAGCAGCCAAACCCGACTAGCGGGAGGATCCCCTCAAGAGACCCAGTACTTC,19,SRR2905714,TRB
319,CASSLYEGNEQYF,309.0,0.0049871689342952,TRBV7-9,TRBD2,TRBJ2-7,TGTGCCAGCAGCTTATACGAGGGCAACGAGCAGTACTTC,13,SRR2905714,TRB
294,CASSLTAESSYNEQFF,263.0,0.0042447424910021,TRBV6-5,Unknown,TRBJ2-1,TGTGCCAGCAGTTTAACGGCGGAGAGCTCCTACAATGAGCAGTTCTTC,16,SRR2905714,TRB
440,CASSRRTQNEQYF,263.0,0.0042447424910021,TRBV5-1,Unknown,TRBJ2-7,TGCGCCAGCAGCCGACGGACCCAGAACGAGCAGTACTTC,13,SRR2905714,TRB
568,CATERASYNEQFF,243.0,0.0039219483852224,TRBV7-9,TRBD2,TRBJ2-1,TGTGCCACCGAGCGGGCCTCCTACAATGAGCAGTTCTTC,13,SRR2905714,TRB
234,CASSLGQVLGANVLTF,236.0,0.0038089704481996,TRBV7-9,Unknown,TRBJ2-6,TGTGCCAGCAGCTTAGGGCAGGTGTTGGGGGCCAACGTCCTGACTTTC,16,SRR2905714,TRB
320,CASSLYGSGAGEQFF,236.0,0.0038089704481996,TRBV5-1,TRBD1,TRBJ2-1,TGCGCCAGCAGCTTATATGGTTCCGGGGCCGGTGAGCAGTTCTTC,15,SRR2905714,TRB
433,CASSRHPPNEQYF,225.0,0.0036314336900208,TRBV6-5,TRBD1,TRBJ2-7,TGTGCCAGCAGTCGACACCCCCCGAACGAGCAGTACTTC,13,SRR2905714,TRB
117,CASSFGGSSYNEQFF,221.0,0.0035668748688648,TRBV5-1,Unknown,TRBJ2-1,TGCGCCAGCAGCTTCGGCGGGAGCTCCTACAATGAGCAGTTCTTC,15,SRR2905714,TRB
524,CASSYDGLAGQEQYF,199.0,0.0032118013525073,TRBV6-5,TRBD2,TRBJ2-7,TGTGCCAGCAGTTATGACGGACTAGCGGGACAGGAGCAGTACTTC,15,SRR2905714,TRB
269,CASSLQQNTGELFF,193.0,0.0031149631207734,TRBV7-9,Unknown,TRBJ2-2,TGTGCCAGCAGCTTACAACAAAACACCGGGGAGCTGTTTTTT,14,SRR2905714,TRB
211,CASSLERIDTQYF,186.0,0.0030019851837504814,TRBV7-9,Unknown,TRBJ2-3,TGTGCCAGCAGCTTAGAGAGGATAGATACGCAGTATTTT,13,SRR2905714,TRB
557,CASTHRESGELFF,185.0,0.0029858454784615,TRBV25-1,TRBD1,TRBJ2-2,TGTGCCAGCACACACCGGGAGTCCGGGGAGCTGTTTTTT,13,SRR2905714,TRB
459,CASSSGPTDTQYF,183.0,0.0029535660678836,TRBV7-2,TRBD1,TRBJ2-3,TGTGCCAGCAGCTCGGGGCCCACAGATACGCAGTATTTT,13,SRR2905714,TRB
612,CAWSGLLGDEQFF,176.0,0.0028405881308607,TRBV30,TRBD1,TRBJ2-1,TGTGCCTGGAGTGGCCTCTTAGGGGATGAGCAGTTCTTC,13,SRR2905714,TRB
443,CASSRSGGSGELFF,172.0,0.0027760293097048,TRBV6-2,TRBD1,TRBJ2-2,TGTGCCAGCAGTCGGTCAGGGGGCAGCGGGGAGCTGTTTTTT,14,SRR2905714,TRB
434,CASSRLALDLHEQYF,168.0,0.0027114704885488473,TRBV7-2,Unknown,TRBJ2-7,TGTGCCAGCAGCCGATTAGCTTTGGACCTCCACGAGCAGTACTTC,15,SRR2905714,TRB
126,CASSFQGAETQYF,165.0,0.0026630513726819,TRBV5-1,TRBD1,TRBJ2-5,TGCGCCAGCAGCTTCCAGGGGGCTGAGACCCAGTACTTC,13,SRR2905714,TRB
328,CASSNLTGWAPVYEQYF,163.0,0.0026307719621039,TRBV21-1,TRBD1,TRBJ2-7,TGTGCCAGCAGCAACCTGACAGGATGGGCCCCTGTCTACGAGCAGTACTTC,17,SRR2905714,TRB
509,CASSVEGSGVVGEQFF,161.0,0.002598492551526,TRBV9,TRBD2,TRBJ2-1,TGTGCCAGCAGCGTAGAGGGTAGCGGGGTGGTTGGTGAGCAGTTCTTC,16,SRR2905714,TRB
167,CASSKPGGQDTQYF,155.0,0.0025016543197921,TRBV6-5,TRBD1,TRBJ2-3,TGTGCCAGCAGCAAACCAGGGGGCCAAGATACGCAGTATTTT,14,SRR2905714,TRB
178,CASSLASGRGYEQYF,154.0,0.0024855146145031,TRBV7-2,TRBD2,TRBJ2-7,TGTGCCAGCAGCTTAGCTAGCGGGAGAGGGTACGAGCAGTACTTC,15,SRR2905714,TRB
108,CASSETQGARETQYF,151.0,0.0024370954986361,TRBV2,TRBD1,TRBJ2-5,TGTGCCAGCAGTGAAACCCAGGGTGCGCGGGAGACCCAGTACTTC,15,SRR2905714,TRB
588,CATSRDLGDTQYF,143.0,0.0023079778563243,TRBV15,Unknown,TRBJ2-3,TGTGCCACCAGCAGAGATCTTGGGGATACGCAGTATTTT,13,SRR2905714,TRB
448,CASSSAGTSAYTGELFF,142.0,0.0022918381510353,TRBV6-2,TRBD2,TRBJ2-2,TGTGCCAGCAGTTCGGCCGGGACTAGCGCTTACACCGGGGAGCTGTTTTTT,17,SRR2905714,TRB
334,CASSPDGRSSYEQYF,132.0,0.0021304410981455,TRBV6-6,Unknown,TRBJ2-7,TGTGCCAGCAGCCCCGACGGAAGGAGCTCCTACGAGCAGTACTTC,15,SRR2905714,TRB
598,CATSRGSPTDTQYF,130.0,0.0020981616875675,TRBV15,TRBD2,TRBJ2-3,TGTGCCACCAGCAGGGGCTCTCCCACAGATACGCAGTATTTT,14,SRR2905714,TRB
596,CATSRGGDSNIQYF,128.0,0.0020658822769896,TRBV15,TRBD1,TRBJ2-4,TGTGCCACCAGCAGAGGCGGGGACAGTAACATTCAGTACTTC,14,SRR2905714,TRB
324,CASSLYVQGGETQYF,125.0,0.0020174631611226,TRBV7-2,TRBD1,TRBJ2-5,TGTGCCAGCAGCTTATATGTACAGGGCGGGGAGACCCAGTACTTC,15,SRR2905714,TRB
582,CATSLVTSPSYNEQFF,124.0,0.0020013234558336,TRBV15,TRBD2,TRBJ2-1,TGTGCCACCAGCCTGGTTACTAGTCCCTCCTACAATGAGCAGTTCTTC,16,SRR2905714,TRB
172,CASSLAGTGVEQYF,121.0,0.0019529043399667,TRBV7-6,TRBD1,TRBJ2-7,TGTGCCAGCAGCTTAGCGGGGACAGGGGTCGAGCAGTACTTC,14,SRR2905714,TRB
576,CATRQGVNTGELFF,121.0,0.0019529043399667,TRBV6-2,TRBD1,TRBJ2-2,TGTGCCACAAGGCAGGGGGTAAACACCGGGGAGCTGTTTTTT,14,SRR2905714,TRB
32,CASGQVNTGELFF,119.0,0.0019206249293887,TRBV6-6,Unknown,TRBJ2-2,TGTGCCAGCGGCCAGGTGAACACCGGGGAGCTGTTTTTT,13,SRR2905714,TRB
289,CASSLSRAGGPSEQFF,118.0,0.0019044852240998,TRBV7-2,TRBD2,TRBJ2-1,TGTGCCAGCAGCTTGAGTCGAGCGGGAGGCCCTAGTGAGCAGTTCTTC,16,SRR2905714,TRB
592,CATSRDRRPSTDTQYF,116.0,0.0018722058135218,TRBV15,TRBD2,TRBJ2-3,TGTGCCACCAGCAGAGATAGGAGGCCTAGCACAGATACGCAGTATTTT,16,SRR2905714,TRB
532,CASSYGTYTRKGEQYF,115.0,0.0018560661082328,TRBV6-2,TRBD2,TRBJ2-7,TGTGCCAGCAGTTATGGGACTTACACGAGGAAGGGCGAGCAGTACTTC,16,SRR2905714,TRB
74,CASRRQRGSDNEQFF,114.0,0.0018399264029438,TRBV7-2,TRBD1,TRBJ2-1,TGTGCCAGCCGACGTCAAAGGGGATCGGACAATGAGCAGTTCTTC,15,SRR2905714,TRB
338,CASSPGDWEGSGELFF,100.0,0.0016139705288981,TRBV14,TRBD2,TRBJ2-2,TGTGCCAGCAGCCCCGGCGACTGGGAGGGATCCGGGGAGCTGTTTTTT,16,SRR2905714,TRB
578,CATSDQGLVGEQYF,99.0,0.0015978308236091,TRBV24-1,TRBD2,TRBJ2-7,TGTGCCACCAGTGATCAGGGACTAGTTGGCGAGCAGTACTTC,14,SRR2905714,TRB
7,CAIAFDLSYEQHF,98.0,0.0015816911183201,TRBV6-6,Unknown,TRBJ2-7,TGTGCCATCGCGTTCGACCTCTCCTACGAGCAGCACTTC,13,SRR2905714,TRB
329,CASSNPFSGRIGDEQFF,98.0,0.0015816911183201,TRBV7-6,TRBD2,TRBJ2-1,TGTGCCAGCAGCAACCCGTTCAGCGGGAGAATTGGGGATGAGCAGTTCTTC,17,SRR2905714,TRB
204,CASSLEGTGETQYF,97.0,0.0015655514130311,TRBV5-1,TRBD1,TRBJ2-5,TGCGCCAGCAGCTTGGAAGGGACAGGGGAGACCCAGTACTTC,14,SRR2905714,TRB
44,CASMEAGVQETQYF,97.0,0.0015655514130311,TRBV6-2,TRBD2,TRBJ2-5,TGTGCCAGTATGGAAGCGGGGGTCCAAGAGACCCAGTACTTC,14,SRR2905714,TRB
616,CAWTKTKWGTGYQETQYF,95.0,0.0015332720024532,TRBV30,TRBD1,TRBJ2-5,TGTGCCTGGACCAAAACCAAGTGGGGGACAGGGTACCAAGAGACCCAGTACTTC,18,SRR2905714,TRB
34,CASHLAHLDEQYF,93.0,0.0015009925918752,TRBV7-9,TRBD2,TRBJ2-7,TGTGCCAGCCATCTAGCACACCTCGACGAGCAGTACTTC,13,SRR2905714,TRB
185,CASSLDKNIQYF,91.0,0.0014687131812973,TRBV7-2,Unknown,TRBJ2-4,TGTGCCAGCAGCTTGGACAAAAACATTCAGTACTTC,12,SRR2905714,TRB
70,CASRPSSGERPTEQYF,91.0,0.0014687131812973,TRBV6-1,TRBD1,TRBJ2-7,TGTGCCAGCAGACCGTCCTCAGGGGAACGGCCCACGGAACAGTACTTC,16,SRR2905714,TRB
627,CSANPGTVQETQYF,88.0,0.0014202940654303,TRBV29-1,TRBD1,TRBJ2-5,TGCAGCGCTAATCCCGGGACAGTCCAAGAGACCCAGTACTTC,14,SRR2905714,TRB
507,CASSVDVDRGAREQYF,87.0,0.0014041543601413,TRBV9,TRBD1,TRBJ2-7,TGTGCCAGCAGCGTAGATGTGGACAGGGGTGCTCGGGAGCAGTACTTC,16,SRR2905714,TRB
468,CASSSPEGPYEQYF,86.0,0.0013880146548524,TRBV11-1,TRBD1,TRBJ2-7,TGTGCCAGCAGCTCCCCTGAGGGCCCCTACGAGCAGTACTTC,14,SRR2905714,TRB
529,CASSYGTGGYNEQFF,82.0,0.0013234558336964,TRBV6-5,TRBD1,TRBJ2-1,TGTGCCAGCAGTTACGGGACAGGGGGCTACAATGAGCAGTTCTTC,15,SRR2905714,TRB
559,CASTPDAPTRDTQYF,79.0,0.0012750367178295,TRBV6-5,TRBD1,TRBJ2-3,TGTGCCAGCACCCCGGACGCCCCCACGAGAGATACGCAGTATTTT,15,SRR2905714,TRB
462,CASSSGTSLKPTYEQYF,77.0,0.0012427573072515,TRBV7-4,TRBD2,TRBJ2-7,TGTGCCAGCAGCTCCGGGACTAGTTTGAAACCTACCTACGAGCAGTACTTC,17,SRR2905714,TRB
239,CASSLGRYEQYF,74.0,0.001194338191384607,TRBV7-9,Unknown,TRBJ2-7,TGTGCCAGCAGCTTAGGCCGCTACGAGCAGTACTTC,12,SRR2905714,TRB
561,CASTQSGSGSTGELFF,72.0,0.0011620587808066,TRBV27,TRBD2,TRBJ2-2,TGTGCCAGCACTCAGTCGGGTAGCGGGAGTACCGGGGAGCTGTTTTTT,16,SRR2905714,TRB
569,CATFRDGTGELFF,70.0,0.0011297793702286,TRBV7-9,TRBD1,TRBJ2-2,TGTGCCACCTTCCGGGACGGAACCGGGGAGCTGTTTTTT,13,SRR2905714,TRB
454,CASSSGGYEQYF,66.0,0.0010652205490727,TRBV5-6,TRBD1,TRBJ2-7,TGTGCCAGCAGCTCAGGGGGGTACGAGCAGTACTTC,12,SRR2905714,TRB
67,CASRMGTGLFYEQYF,66.0,0.0010652205490727,TRBV5-1,TRBD1,TRBJ2-7,TGCGCCAGCAGGATGGGGACAGGGTTATTCTACGAGCAGTACTTC,15,SRR2905714,TRB
594,CATSREPNWDPRNTQYF,64.0,0.0010329411384948,TRBV15,TRBD1,TRBJ2-3,TGTGCCACCAGCAGAGAGCCAAACTGGGACCCCCGGAATACGCAGTATTTT,17,SRR2905714,TRB
526,CASSYGASGRGSTDTQYF,64.0,0.0010329411384948,TRBV6-5,TRBD2,TRBJ2-3,TGTGCCAGCAGTTATGGTGCTAGCGGGAGAGGTAGCACAGATACGCAGTATTTT,18,SRR2905714,TRB
33,CASGWDWSPPDTQYF,63.0,0.0010168014332058,TRBV12-3,TRBD2,TRBJ2-3,TGTGCCAGTGGGTGGGACTGGTCTCCCCCAGATACGCAGTATTTT,15,SRR2905714,TRB
299,CASSLTRDNEQYF,59.0,0.000952242612049904,TRBV7-2,Unknown,TRBJ2-7,TGTGCCAGCAGCTTGACTCGAGACAACGAGCAGTACTTC,13,SRR2905714,TRB
114,CASSFEGGVETQYF,58.0,0.0009361029067609224,TRBV12-3,TRBD1,TRBJ2-5,TGTGCCAGCAGTTTTGAGGGGGGTGTCGAGACCCAGTACTTC,14,SRR2905714,TRB
453,CASSSGGAKNIQYF,58.0,0.0009361029067609224,TRBV7-6,TRBD1,TRBJ2-4,TGTGCCAGCAGCTCCGGGGGAGCCAAAAACATTCAGTACTTC,14,SRR2905714,TRB
467,CASSSNRNTEAFF,56.0,0.0009038234961829596,TRBV6-5,Unknown,TRBJ1-1,TGTGCCAGCAGTTCCAATCGGAACACTGAAGCTTTCTTT,13,SRR2905714,TRB
510,CASSVGQGLYEQYF,56.0,0.0009038234961829596,TRBV27,TRBD1,TRBJ2-7,TGTGCCAGCAGCGTCGGACAGGGGTTGTACGAGCAGTACTTC,14,SRR2905714,TRB
457,CASSSGLAGYNEQFF,53.0,0.0008554043803160155,TRBV7-3,TRBD2,TRBJ2-1,TGTGCCAGCAGCTCTGGACTAGCGGGATACAATGAGCAGTTCTTC,15,SRR2905714,TRB
675,CSVWGQGVYEQYF,52.0,0.000839264675027034,TRBV29-1,TRBD1,TRBJ2-7,TGCAGCGTTTGGGGACAGGGCGTCTACGAGCAGTACTTC,13,SRR2905714,TRB
298,CASSLTGTVDTGELFF,51.0,0.0008231249697380526,TRBV7-3,TRBD1,TRBJ2-2,TGTGCCAGCAGCTTAACCGGGACAGTTGACACCGGGGAGCTGTTTTTT,16,SRR2905714,TRB
287,CASSLRTGGPKDEQFF,50.0,0.0008069852644490711,TRBV5-1,TRBD2,TRBJ2-1,TGCGCCAGCAGCTTAAGGACGGGAGGGCCCAAGGATGAGCAGTTCTTC,16,SRR2905714,TRB
272,CASSLRDGSSYEQYF,50.0,0.0008069852644490711,TRBV27,TRBD1,TRBJ2-7,TGTGCCAGCAGTTTGAGGGACGGGAGCTCCTACGAGCAGTACTTC,15,SRR2905714,TRB
317,CASSLWGPPGAYEQYF,49.0,0.0007908455591600897,TRBV27,TRBD1,TRBJ2-7,TGTGCCAGCAGTTTATGGGGGCCGCCAGGCGCCTACGAGCAGTACTTC,16,SRR2905714,TRB
371,CASSPRTSGYFDNEQFF,47.0,0.0007585661485821269,TRBV7-9,TRBD2,TRBJ2-1,TGTGCCAGCAGCCCCAGGACTAGCGGGTATTTCGACAATGAGCAGTTCTTC,17,SRR2905714,TRB
281,CASSLRLAADNEQFF,46.0,0.0007424264432931455,TRBV7-3,TRBD2,TRBJ2-1,TGTGCCAGCAGCCTGAGACTAGCGGCAGACAATGAGCAGTTCTTC,15,SRR2905714,TRB
280,CASSLRGLANTGELFF,46.0,0.0007424264432931455,TRBV7-2,TRBD2,TRBJ2-2,TGTGCCAGCAGCTTACGGGGACTAGCCAACACCGGGGAGCTGTTTTTT,16,SRR2905714,TRB
484,CASSSSQGAELCYTF,45.0,0.000726286738004164,TRBV5-1,TRBD1,TRBJ1-2,TGCGCCAGCAGCTCGTCACAGGGGGCGGAATTGTGCTACACCTTC,15,SRR2905714,TRB
65,CASRLADRDTGELFF,43.0,0.0006940073274262012,TRBV5-1,TRBD1,TRBJ2-2,TGCGCCAGCAGATTGGCGGACAGGGACACCGGGGAGCTGTTTTTT,15,SRR2905714,TRB
438,CASSRQVQENSPLHF,42.0,0.0006778676221372197,TRBV5-1,Unknown,TRBJ1-6,TGCGCCAGCAGCCGCCAGGTTCAGGAAAATTCACCCCTCCACTTT,15,SRR2905714,TRB
345,CASSPGLIDTRYF,41.0,0.0006617279168482384,TRBV6-5,TRBD1,TRBJ2-3,TGTGCCAGCAGTCCAGGGCTGATAGATACGCGGTATTTT,13,SRR2905714,TRB
335,CASSPDGTSYEQYF,41.0,0.0006617279168482384,TRBV5-1,TRBD2,TRBJ2-7,TGCGCCAGCAGCCCGGACGGGACTTCCTACGAGCAGTACTTC,14,SRR2905714,TRB
213,CASSLETTDTQYF,37.0,0.0005971690956923127,TRBV7-7,Unknown,TRBJ2-3,TGTGCCAGCAGCTTAGAGACGACAGATACGCAGTATTTT,13,SRR2905714,TRB
653,CSVDGGRLNEQYF,36.0,0.0005810293904033312,TRBV29-1,Unknown,TRBJ2-7,TGCAGCGTTGATGGCGGGAGGCTCAACGAGCAGTACTTC,13,SRR2905714,TRB
201,CASSLEGPGTGAGNEQFF,36.0,0.0005810293904033312,TRBV11-2,TRBD1,TRBJ2-1,TGTGCCAGCAGCTTAGAGGGTCCCGGGACAGGGGCAGGCAATGAGCAGTTCTTC,18,SRR2905714,TRB
153,CASSHTKLRDYGRAKNIQYF,33.0,0.000532610274536387,TRBV7-2,TRBD2,TRBJ2-4,TGTGCCAGCAGCCATACGAAATTAAGGGACTACGGGCGGGCCAAAAACATTCAGTACTTC,20,SRR2905714,TRB
210,CASSLEQKGANVLTF,31.0,0.0005003308639584241,TRBV5-4,Unknown,TRBJ2-6,TGTGCCAGCAGCTTGGAACAGAAAGGGGCCAACGTCCTGACTTTC,15,SRR2905714,TRB
391,CASSQDPRERYNEQFF,30.0,0.0004841911586694427,TRBV14,TRBD2,TRBJ2-1,TGTGCCAGCAGCCAAGATCCGCGGGAGAGATACAATGAGCAGTTCTTC,16,SRR2905714,TRB
208,CASSLELETYEQYF,30.0,0.0004841911586694427,TRBV7-2,Unknown,TRBJ2-7,TGTGCCAGCAGCTTAGAGCTAGAAACCTACGAGCAGTACTTC,14,SRR2905714,TRB
550,CASSYYSWNEQFF,28.0,0.0004519117480914799,TRBV6-5,Unknown,TRBJ2-1,TGTGCCAGCAGTTACTACAGCTGGAATGAGCAGTTCTTC,13,SRR2905714,TRB
259,CASSLLEGPYEQYF,27.0,0.0004357720428024984,TRBV7-2,Unknown,TRBJ2-7,TGTGCCAGCAGCTTGTTAGAGGGCCCCTACGAGCAGTACTTC,14,SRR2905714,TRB
277,CASSLRGGAYQPQHF,25.0,0.0004034926322245356,TRBV27,TRBD1,TRBJ1-5,TGTGCCAGCAGTTTACGGGGGGGCGCTTATCAGCCCCAGCATTTT,15,SRR2905714,TRB
376,CASSPTGAYEQYF,25.0,0.0004034926322245356,TRBV6-1,TRBD1,TRBJ2-7,TGTGCCAGCAGTCCGACAGGGGCCTACGAGCAGTACTTC,13,SRR2905714,TRB
385,CASSQDIATYNEQFF,24.0,0.0003873529269355542,TRBV14,Unknown,TRBJ2-1,TGTGCCAGCAGCCAAGATATAGCTACCTACAATGAGCAGTTCTTC,15,SRR2905714,TRB
420,CASSQVKVFDEQYF,24.0,0.0003873529269355542,TRBV14,Unknown,TRBJ2-7,TGTGCCAGCAGCCAAGTAAAGGTCTTCGACGAGCAGTACTTC,14,SRR2905714,TRB
253,CASSLIGEQYF,24.0,0.0003873529269355542,TRBV5-6,Unknown,TRBJ2-7,TGTGCCAGCAGCTTGATCGGGGAGCAGTACTTC,11,SRR2905714,TRB
290,CASSLSRLAGVTGELFF,24.0,0.0003873529269355542,TRBV7-3,TRBD2,TRBJ2-2,TGTGCCAGCAGCTTATCCCGGCTAGCGGGAGTTACCGGGGAGCTGTTTTTT,17,SRR2905714,TRB
88,CASSAREEGNEQFF,24.0,0.0003873529269355542,TRBV6-4,TRBD1,TRBJ2-1,TGTGCCAGCAGTGCCAGGGAAGAGGGCAATGAGCAGTTCTTC,14,SRR2905714,TRB
101,CASSEFWDRANTEAFF,23.0,0.0003712132216465728,TRBV6-1,TRBD1,TRBJ1-1,TGTGCCAGCAGTGAATTTTGGGACAGGGCAAACACTGAAGCTTTCTTT,16,SRR2905714,TRB
235,CASSLGREADTQYF,23.0,0.0003712132216465728,TRBV5-1,TRBD2,TRBJ2-3,TGCGCCAGCAGCTTGGGCAGGGAGGCAGATACGCAGTATTTT,14,SRR2905714,TRB
83,CASSAGLDSYNEQFF,23.0,0.0003712132216465728,TRBV7-7,TRBD2,TRBJ2-1,TGTGCCAGCAGCGCGGGACTAGACTCCTACAATGAGCAGTTCTTC,15,SRR2905714,TRB
226,CASSLGLAYNEQFF,22.0,0.0003550735163575913,TRBV27,TRBD2,TRBJ2-1,TGTGCCAGCAGTTTGGGACTAGCGTACAATGAGCAGTTCTTC,14,SRR2905714,TRB
89,CASSASGRGHEQYF,22.0,0.0003550735163575913,TRBV7-8,TRBD1,TRBJ2-7,TGTGCCAGCAGCGCCTCTGGACGGGGCCACGAGCAGTACTTC,14,SRR2905714,TRB
325,CASSMRSADTQYF,22.0,0.0003550735163575913,TRBV19,Unknown,TRBJ2-3,TGTGCCAGTAGTATGCGGTCGGCAGATACGCAGTATTTT,13,SRR2905714,TRB
144,CASSGGTSPGETQYF,21.0,0.00033893381106860987,TRBV7-8,TRBD2,TRBJ2-5,TGTGCCAGCAGCGGGGGGACCTCGCCGGGAGAGACCCAGTACTTC,15,SRR2905714,TRB
427,CASSRETQYF,21.0,0.00033893381106860987,TRBV7-8,Unknown,TRBJ2-5,TGTGCCAGCAGCAGGGAGACCCAGTACTTC,10,SRR2905714,TRB
128,CASSFQTVYEQYF,21.0,0.00033893381106860987,TRBV6-2,Unknown,TRBJ2-7,TGTGCCAGCAGTTTCCAAACGGTCTACGAGCAGTACTTC,13,SRR2905714,TRB
196,CASSLEGETQYF,21.0,0.00033893381106860987,TRBV12-3,TRBD2,TRBJ2-5,TGTGCCAGCAGTTTGGAGGGTGAGACCCAGTACTTC,12,SRR2905714,TRB
25,CASGEDRAGTEAFF,20.0,0.00032279410577962844,TRBV6-5,TRBD1,TRBJ1-1,TGTGCCAGCGGGGAGGACAGGGCCGGCACTGAAGCTTTCTTT,14,SRR2905714,TRB
193,CASSLDSYNYGYTF,19.0,0.00030665440049064706,TRBV5-1,Unknown,TRBJ1-2,TGCGCCAGCAGCTTGGATTCGTACAACTATGGCTACACCTTC,14,SRR2905714,TRB
174,CASSLAKGKGNYGYTF,19.0,0.00030665440049064706,TRBV12-4,TRBD2,TRBJ1-2,TGTGCCAGCAGTTTAGCGAAGGGCAAGGGTAACTATGGCTACACCTTC,16,SRR2905714,TRB
110,CASSEVTGNHDYGYTF,19.0,0.00030665440049064706,TRBV10-2,TRBD1,TRBJ1-2,TGCGCCAGCAGTGAGGTAACAGGGAATCACGACTATGGCTACACCTTC,16,SRR2905714,TRB
656,CSVDTGTGDYNEQFF,19.0,0.00030665440049064706,TRBV29-1,TRBD1,TRBJ2-1,TGCAGCGTTGACACCGGGACAGGGGACTACAATGAGCAGTTCTTC,15,SRR2905714,TRB
442,CASSRRVQENSPLHF,18.0,0.0002905146952016656,TRBV5-1,TRBD1,TRBJ1-6,TGCGCCAGCAGCCGCCGGGTTCAGGAAAATTCACCCCTCCACTTT,15,SRR2905714,TRB
530,CASSYGTGRDTEAFF,17.0,0.0002743749899126842,TRBV6-6,TRBD1,TRBJ1-1,TGTGCCAGCAGTTACGGGACAGGGCGGGACACTGAAGCTTTCTTT,15,SRR2905714,TRB
307,CASSLVLHHTDTQYF,17.0,0.0002743749899126842,TRBV7-6,Unknown,TRBJ2-3,TGTGCCAGCAGCTTAGTGTTACACCACACAGATACGCAGTATTTT,15,SRR2905714,TRB
408,CASSQKIAGWDTQYF,16.0,0.00025823528462370275,TRBV14,TRBD2,TRBJ2-3,TGTGCCAGCAGCCAAAAAATAGCGGGATGGGATACGCAGTATTTT,15,SRR2905714,TRB
388,CASSQDNYNEQFF,16.0,0.00025823528462370275,TRBV4-3,Unknown,TRBJ2-1,TGCGCCAGCAGCCAAGACAACTACAATGAGCAGTTCTTC,13,SRR2905714,TRB
412,CASSQMTSGNTGELFF,16.0,0.00025823528462370275,TRBV4-1,TRBD2,TRBJ2-2,TGCGCCAGCAGCCAGATGACTAGCGGAAACACCGGGGAGCTGTTTTTT,16,SRR2905714,TRB
406,CASSQGRADRNEQFF,15.0,0.00024209557933472131,TRBV4-3,TRBD1,TRBJ2-1,TGCGCCAGCAGCCAAGGTCGGGCGGATCGGAATGAGCAGTTCTTC,15,SRR2905714,TRB
250,CASSLGWDTKETQYF,15.0,0.00024209557933472131,TRBV7-9,TRBD1,TRBJ2-5,TGTGCCAGCAGCCTAGGCTGGGACACTAAAGAGACCCAGTACTTC,15,SRR2905714,TRB
549,CASSYVGTTNYGYTF,15.0,0.00024209557933472131,TRBV7-9,TRBD1,TRBJ1-2,TGTGCCAGCAGCTACGTGGGGACAACTAACTATGGCTACACCTTC,15,SRR2905714,TRB
28,CASGLPGQFNYGYTF,15.0,0.00024209557933472131,TRBV7-9,TRBD1,TRBJ1-2,TGTGCCAGCGGACTCCCAGGACAGTTTAACTATGGCTACACCTTC,15,SRR2905714,TRB
473,CASSSQGTSGTSYNEQFF,15.0,0.00024209557933472131,TRBV11-2,TRBD2,TRBJ2-1,TGTGCCAGCAGCTCCCAGGGGACTAGCGGGACCTCCTACAATGAGCAGTTCTTC,18,SRR2905714,TRB
436,CASSRNRVSGANVLTF,15.0,0.00024209557933472131,TRBV6-2,TRBD1,TRBJ2-6,TGTGCCAGCAGCCGCAACAGGGTCTCTGGGGCCAACGTCCTGACTTTC,16,SRR2905714,TRB
139,CASSFSNSYEQYF,15.0,0.00024209557933472131,TRBV7-6,Unknown,TRBJ2-7,TGTGCCAGCAGCTTCTCGAACTCCTACGAGCAGTACTTC,13,SRR2905714,TRB
390,CASSQDPGLAGLTQYF,14.0,0.00022595587404573996,TRBV14,TRBD2,TRBJ2-3,TGTGCCAGCAGCCAAGATCCGGGACTAGCGGGACTTACGCAGTATTTT,16,SRR2905714,TRB
362,CASSPPWNRDTGELFF,14.0,0.00022595587404573996,TRBV14,TRBD1,TRBJ2-2,TGTGCCAGCAGCCCCCCCTGGAACAGGGACACCGGGGAGCTGTTTTTT,16,SRR2905714,TRB
488,CASSSTLPGYEQYF,14.0,0.00022595587404573993,TRBV11-3,TRBD1,TRBJ2-7,TGTGCCAGCAGCTCTACACTCCCGGGCTACGAGCAGTACTTC,14,SRR2905714,TRB
539,CASSYREGNQPQHF,13.0,0.0002098161687567585,TRBV6-5,TRBD2,TRBJ1-5,TGTGCCAGCAGTTACAGGGAGGGGAATCAGCCCCAGCATTTT,14,SRR2905714,TRB
148,CASSGTSYEQYF,13.0,0.0002098161687567585,TRBV9,TRBD1,TRBJ2-7,TGTGCCAGCAGCGGGACAAGCTACGAGCAGTACTTC,12,SRR2905714,TRB
145,CASSGHGPYEQYF,13.0,0.0002098161687567585,TRBV11-3,Unknown,TRBJ2-7,TGTGCCAGCAGCGGCCACGGGCCCTACGAGCAGTACTTC,13,SRR2905714,TRB
538,CASSYRAEALRGYGYTF,12.0,0.0001936764634677771,TRBV6-5,TRBD1,TRBJ1-2,TGTGCCAGCAGTTACAGGGCAGAGGCGCTGAGGGGATATGGCTACACCTTC,17,SRR2905714,TRB
646,CSASSSGGEQFF,12.0,0.0001936764634677771,TRBV29-1,TRBD1,TRBJ2-1,TGCAGCGCGAGTTCATCGGGGGGTGAGCAGTTCTTC,12,SRR2905714,TRB
429,CASSRGLEETQYF,12.0,0.0001936764634677771,TRBV12-3,Unknown,TRBJ2-5,TGTGCCAGCAGTCGGGGTTTAGAAGAGACCCAGTACTTC,13,SRR2905714,TRB
30,CASGPGFNEQFF,12.0,0.0001936764634677771,TRBV11-2,TRBD1,TRBJ2-1,TGTGCCAGCGGACCAGGGTTCAATGAGCAGTTCTTC,12,SRR2905714,TRB
494,CASSTDPGFF,12.0,0.0001936764634677771,TRBV19,TRBD1,TRBJ2-1,TGTGCCAGTAGTACCGACCCGGGGTTCTTC,10,SRR2905714,TRB
575,CATRLAGGETQYF,12.0,0.0001936764634677771,TRBV10-3,TRBD2,TRBJ2-5,TGTGCCACCCGACTAGCGGGAGGGGAGACCCAGTACTTC,13,SRR2905714,TRB
570,CATGTGYNEQFF,12.0,0.0001936764634677771,TRBV15,TRBD1,TRBJ2-1,TGTGCCACCGGGACAGGCTACAATGAGCAGTTCTTC,12,SRR2905714,TRB
360,CASSPPGQGAFF,12.0,0.0001936764634677771,TRBV4-2,TRBD1,TRBJ2-1,TGTGCCAGCAGCCCTCCGGGACAGGGGGCGTTCTTC,12,SRR2905714,TRB
142,CASSFYLDEQFF,11.0,0.00017753675817879563,TRBV11-3,Unknown,TRBJ2-1,TGTGCCAGCAGCTTTTACCTCGATGAGCAGTTCTTC,12,SRR2905714,TRB
353,CASSPLAGVRDEQFF,11.0,0.00017753675817879563,TRBV7-7,TRBD2,TRBJ2-1,TGTGCCAGCAGCCCACTAGCGGGAGTTAGGGATGAGCAGTTCTTC,15,SRR2905714,TRB
595,CATSRFETGVLQPQHF,11.0,0.00017753675817879563,TRBV15,TRBD1,TRBJ1-5,TGTGCCACCAGCAGATTCGAGACAGGGGTGCTTCAGCCCCAGCATTTT,16,SRR2905714,TRB
503,CASSTVTSGSPYEQYF,11.0,0.00017753675817879563,TRBV6-2,TRBD2,TRBJ2-7,TGTGCCAGCAGTACTGTTACTAGCGGGAGCCCATACGAGCAGTACTTC,16,SRR2905714,TRB
58,CASRFGPSGRSRWTQYF,11.0,0.00017753675817879563,TRBV12-2,TRBD2,TRBJ2-5,TGTGCAAGTCGCTTCGGGCCTAGCGGGAGGTCGCGTTGGACCCAGTACTTC,17,SRR2905714,TRB
6,CAGYIAGGPDGDTQYF,10.0,0.00016139705288981422,TRBV2,TRBD2,TRBJ2-3,TGTGCCGGGTACATAGCGGGAGGGCCCGATGGAGATACGCAGTATTTT,16,SRR2905714,TRB
472,CASSSQGSSYNEQFF,10.0,0.00016139705288981422,TRBV7-6,TRBD1,TRBJ2-1,TGTGCCAGCAGCTCACAGGGGAGCTCCTACAATGAGCAGTTCTTC,15,SRR2905714,TRB
447,CASSSAGDSSYNEQFF,10.0,0.00016139705288981422,TRBV5-1,TRBD2,TRBJ2-1,TGCGCCAGCAGCTCCGCCGGGGACTCCTCCTACAATGAGCAGTTCTTC,16,SRR2905714,TRB
133,CASSFRGRQETQYF,10.0,0.00016139705288981422,TRBV7-6,TRBD1,TRBJ2-5,TGTGCCAGCAGCTTTCGGGGCAGGCAAGAGACCCAGTACTTC,14,SRR2905714,TRB
349,CASSPGTGYGPEQFF,10.0,0.00016139705288981422,TRBV18,TRBD1,TRBJ2-1,TGTGCCAGCTCACCGGGGACAGGGTACGGTCCCGAGCAGTTCTTC,15,SRR2905714,TRB
104,CASSESGEGERDEQFF,10.0,0.00016139705288981422,TRBV10-1,TRBD2,TRBJ2-1,TGCGCCAGCAGTGAGTCAGGAGAGGGCGAGAGGGACGAGCAGTTCTTC,16,SRR2905714,TRB
540,CASSYREGNQPQRF,10.0,0.00016139705288981422,TRBV6-5,TRBD2,TRBJ1-5,TGTGCCAGCAGTTACAGGGAGGGGAATCAGCCCCAGCGTTTT,14,SRR2905714,TRB
597,CATSRGGQPQHF,10.0,0.00016139705288981422,TRBV15,Unknown,TRBJ1-5,TGTGCCACCAGCAGAGGTGGTCAGCCCCAGCATTTT,12,SRR2905714,TRB
458,CASSSGNEQFF,9.0,0.0001452573476008328,TRBV6-6,Unknown,TRBJ2-1,TGTGCCAGCAGTTCTGGGAATGAGCAGTTCTTC,11,SRR2905714,TRB
480,CASSSSPGQVFLDSGANVLTF,9.0,0.0001452573476008328,TRBV28,TRBD1,TRBJ2-6,TGTGCCAGCAGCAGTTCGCCGGGACAGGTTTTCCTAGACTCTGGGGCCAACGTCCTGACTTTC,21,SRR2905714,TRB
223,CASSLGLAGGETQYF,9.0,0.0001452573476008328,TRBV7-6,TRBD2,TRBJ2-5,TGTGCCAGCAGCTTAGGACTAGCGGGAGGAGAGACCCAGTACTTC,15,SRR2905714,TRB
456,CASSSGLAGDTGELFF,9.0,0.0001452573476008328,TRBV11-2,TRBD2,TRBJ2-2,TGTGCCAGCAGCTCGGGACTAGCGGGAGACACCGGGGAGCTGTTTTTT,16,SRR2905714,TRB
39,CASKVGDPEAFF,9.0,0.0001452573476008328,TRBV6-2,Unknown,TRBJ1-1,TGTGCCAGCAAAGTCGGGGACCCTGAAGCTTTCTTT,12,SRR2905714,TRB
96,CASSDSGTDQETQYF,9.0,0.0001452573476008328,TRBV2,Unknown,TRBJ2-5,TGTGCCAGCAGTGATAGCGGGACGGACCAAGAGACCCAGTACTTC,15,SRR2905714,TRB
267,CASSLPLAGERNEQFF,9.0,0.00014525734760083276,TRBV28,TRBD2,TRBJ2-1,TGTGCCAGCAGTTTACCGCTAGCGGGAGAACGCAATGAGCAGTTCTTC,16,SRR2905714,TRB
572,CATHLGDRANTGELFF,9.0,0.0001452573476008328,TRBV9,TRBD1,TRBJ2-2,TGTGCCACTCACCTTGGGGACAGGGCGAACACCGGGGAGCTGTTTTTT,16,SRR2905714,TRB
552,CASTFGTAYNEQFF,8.0,0.00012911764231185135,TRBV11-2,TRBD1,TRBJ2-1,TGTGCCAGCACCTTCGGGACAGCATACAATGAGCAGTTCTTC,14,SRR2905714,TRB
451,CASSSEGHPSTDTQYF,8.0,0.00012911764231185135,TRBV7-6,TRBD1,TRBJ2-3,TGTGCCAGCAGCTCCGAAGGACACCCAAGCACAGATACGCAGTATTTT,16,SRR2905714,TRB
160,CASSIEASGTGELFF,8.0,0.00012911764231185135,TRBV19,TRBD2,TRBJ2-2,TGTGCCAGTAGTATAGAGGCCAGCGGCACCGGGGAGCTGTTTTTT,15,SRR2905714,TRB
478,CASSSSGANVLTF,8.0,0.00012911764231185135,TRBV9,Unknown,TRBJ2-6,TGTGCCAGCAGCTCGAGTGGGGCCAACGTCCTGACTTTC,13,SRR2905714,TRB
217,CASSLGEETQYF,8.0,0.00012911764231185135,TRBV11-3,Unknown,TRBJ2-5,TGTGCCAGCAGCTTAGGTGAAGAGACCCAGTACTTC,12,SRR2905714,TRB
295,CASSLTGSDEQYF,7.0,0.00011297793702286997,TRBV5-1,TRBD1,TRBJ2-7,TGCGCCAGCAGCTTGACAGGTTCGGACGAGCAGTACTTC,13,SRR2905714,TRB
470,CASSSPGRNTGELFF,7.0,0.00011297793702286997,TRBV12-3,Unknown,TRBJ2-2,TGTGCCAGCAGCTCGCCCGGGCGGAACACCGGGGAGCTGTTTTTT,15,SRR2905714,TRB
17,CARLGTSGSGTGELFF,7.0,0.00011297793702286997,TRBV10-1,TRBD2,TRBJ2-2,TGCGCCAGATTAGGGACTAGCGGGAGTGGCACCGGGGAGCTGTTTTTT,16,SRR2905714,TRB
224,CASSLGLAGGSPDTQYF,7.0,0.00011297793702286997,TRBV5-4,TRBD2,TRBJ2-3,TGTGCCAGCAGCTTAGGACTAGCGGGAGGGAGCCCAGATACGCAGTATTTT,17,SRR2905714,TRB
248,CASSLGVGELFF,7.0,0.00011297793702286997,TRBV12-3,TRBD1,TRBJ2-2,TGTGCCAGCAGTTTGGGGGTCGGGGAGCTGTTTTTT,12,SRR2905714,TRB
77,CASRTQGAAETQYF,7.0,0.00011297793702286997,TRBV6-6,TRBD1,TRBJ2-5,TGTGCCAGCAGGACGCAGGGGGCAGCAGAGACCCAGTACTTC,14,SRR2905714,TRB
589,CATSRDQPTFDTIYF,7.0,0.00011297793702286997,TRBV15,Unknown,TRBJ1-3,TGTGCCACCAGCAGAGACCAACCGACTTTCGACACCATATATTTT,15,SRR2905714,TRB
667,CSVLRDRDSYEQYF,7.0,0.00011297793702286997,TRBV29-1,TRBD1,TRBJ2-7,TGCAGCGTCCTCCGGGACAGGGATTCCTACGAGCAGTACTTC,14,SRR2905714,TRB
71,CASRPTSGSGNEQFF,7.0,0.00011297793702286997,TRBV28,TRBD2,TRBJ2-1,TGTGCCAGCAGACCGACTAGCGGGAGTGGGAATGAGCAGTTCTTC,15,SRR2905714,TRB
331,CASSPAAAPQPQHF,7.0,0.00011297793702286997,TRBV7-9,TRBD1,TRBJ1-5,TGTGCCAGCAGCCCGGCGGCAGCCCCCCAGCCCCAGCATTTT,14,SRR2905714,TRB
75,CASRSAGNYEQYF,7.0,0.00011297793702286997,TRBV5-1,Unknown,TRBJ2-7,TGCGCCAGCAGATCGGCGGGGAATTACGAGCAGTACTTC,13,SRR2905714,TRB
609,CAWRGSGEEYEQYF,7.0,0.00011297793702286997,TRBV30,Unknown,TRBJ2-7,TGTGCCTGGAGAGGCTCTGGGGAAGAGTACGAGCAGTACTTC,14,SRR2905714,TRB
183,CASSLDILLGNTEAFF,7.0,0.00011297793702286997,TRBV7-9,Unknown,TRBJ1-1,TGTGCCAGCAGCTTAGATATCCTTCTGGGGAACACTGAAGCTTTCTTT,16,SRR2905714,TRB
416,CASSQTGAAGEQFF,7.0,0.00011297793702286997,TRBV12-3,TRBD1,TRBJ2-1,TGTGCCAGCAGCCAAACCGGGGCTGCCGGTGAGCAGTTCTTC,14,SRR2905714,TRB
95,CASSDPLGGVDTQYF,7.0,0.00011297793702286997,TRBV25-1,TRBD2,TRBJ2-3,TGTGCCAGCAGTGATCCCCTCGGGGGGGTAGATACGCAGTATTTT,15,SRR2905714,TRB
316,CASSLVYNEQFF,6.0,9.683823173388854e-05,TRBV5-1,Unknown,TRBJ2-1,TGCGCCAGCAGCTTGGTGTATAATGAGCAGTTCTTC,12,SRR2905714,TRB
543,CASSYSMLAGEDTQYF,6.0,9.683823173388854e-05,TRBV6-5,TRBD2,TRBJ2-3,TGTGCCAGCAGTTACTCGATGCTAGCGGGAGAAGATACGCAGTATTTT,16,SRR2905714,TRB
483,CASSSSPRDRGIRLFF,6.0,9.683823173388854e-05,TRBV7-9,TRBD1,TRBJ1-4,TGTGCCAGCAGCTCCTCACCGCGGGACAGGGGGATACGACTGTTTTTT,16,SRR2905714,TRB
169,CASSLAAVNEQYF,6.0,9.683823173388854e-05,TRBV5-1,TRBD2,TRBJ2-7,TGCGCCAGCAGCTTGGCAGCGGTGAACGAGCAGTACTTC,13,SRR2905714,TRB
199,CASSLEGGNEQFF,6.0,9.683823173388854e-05,TRBV5-1,Unknown,TRBJ2-1,TGCGCCAGCAGCTTGGAAGGTGGGAATGAGCAGTTCTTC,13,SRR2905714,TRB
2,CAGGWDWSPPDTQYF,6.0,9.683823173388854e-05,TRBV12-3,TRBD2,TRBJ2-3,TGTGCCGGTGGGTGGGACTGGTCTCCCCCAGATACGCAGTATTTT,15,SRR2905714,TRB
81,CASSADPSNQPQHF,6.0,9.683823173388854e-05,TRBV5-1,Unknown,TRBJ1-5,TGCGCCAGCAGCGCCGACCCCAGCAATCAGCCCCAGCATTTT,14,SRR2905714,TRB
302,CASSLTSMETQYF,6.0,9.683823173388853e-05,TRBV7-8,TRBD2,TRBJ2-5,TGTGCCAGCAGCCTGACTAGTATGGAGACCCAGTACTTC,13,SRR2905714,TRB
664,CSVGGIEQFF,6.0,9.683823173388854e-05,TRBV29-1,Unknown,TRBJ2-1,TGCAGCGTTGGAGGGATTGAGCAGTTCTTC,10,SRR2905714,TRB
614,CAWSPPGGTPPYF,6.0,9.683823173388854e-05,TRBV30,TRBD1,TRBJ2-3,TGTGCCTGGAGTCCCCCTGGTGGAACGCCGCCGTATTTT,13,SRR2905714,TRB
370,CASSPRTRIFLQFF,6.0,9.683823173388854e-05,TRBV12-3,TRBD1,TRBJ2-1,TGTGCCAGCAGTCCCCGGACACGGATCTTTCTACAGTTCTTC,14,SRR2905714,TRB
566,CASTYGSDFNEQYF,6.0,9.683823173388854e-05,TRBV12-3,TRBD2,TRBJ2-7,TGTGCCAGCACCTACGGGTCGGACTTTAACGAGCAGTACTTC,14,SRR2905714,TRB
411,CASSQLQGAGTEAFF,6.0,9.683823173388854e-05,TRBV14,TRBD1,TRBJ1-1,TGTGCCAGCAGCCAACTACAGGGGGCAGGCACTGAAGCTTTCTTT,15,SRR2905714,TRB
649,CSIDSLSSYNEQFF,6.0,9.683823173388854e-05,TRBV20-1,TRBD1,TRBJ2-1,TGCAGTATCGACAGCCTGAGCTCCTACAATGAGCAGTTCTTC,14,SRR2905714,TRB
311,CASSLVREDNEQFF,6.0,9.683823173388854e-05,TRBV7-6,TRBD2,TRBJ2-1,TGTGCCAGCAGCTTAGTTCGGGAGGACAATGAGCAGTTCTTC,14,SRR2905714,TRB
212,CASSLESEQFF,6.0,9.683823173388854e-05,TRBV5-1,Unknown,TRBJ2-1,TGCGCCAGCAGCCTCGAAAGTGAGCAGTTCTTC,11,SRR2905714,TRB
257,CASSLLAGGSSYNEQFF,6.0,9.683823173388854e-05,TRBV7-8,TRBD2,TRBJ2-1,TGTGCCAGCAGCTTGCTAGCGGGAGGATCCTCCTACAATGAGCAGTTCTTC,17,SRR2905714,TRB
633,CSARDRDRGGYEQFF,6.0,9.683823173388854e-05,TRBV20-1,TRBD1,TRBJ2-1,TGCAGTGCTAGAGACCGGGACAGGGGTGGGTATGAGCAGTTCTTC,15,SRR2905714,TRB
166,CASSKDSSEAFF,6.0,9.683823173388854e-05,TRBV7-9,TRBD1,TRBJ1-1,TGTGCCAGCAGCAAGGACAGTTCCGAAGCTTTCTTT,12,SRR2905714,TRB
135,CASSFRLQLTGELFF,5.0,8.069852644490711e-05,TRBV12-3,Unknown,TRBJ2-2,TGTGCCAGCAGTTTTAGGTTACAGTTAACCGGGGAGCTGTTTTTT,15,SRR2905714,TRB
383,CASSQALGDPFYEQYF,5.0,8.069852644490711e-05,TRBV4-1,TRBD1,TRBJ2-7,TGCGCCAGCAGCCAAGCCCTGGGAGACCCCTTTTACGAGCAGTACTTC,16,SRR2905714,TRB
262,CASSLLTDTQYF,5.0,8.069852644490711e-05,TRBV5-1,Unknown,TRBJ2-3,TGCGCCAGCAGCTTACTCACAGATACGCAGTATTTT,12,SRR2905714,TRB
54,CASREDFSTDTQYF,5.0,8.069852644490711e-05,TRBV27,Unknown,TRBJ2-3,TGTGCCAGCAGGGAAGACTTTAGCACAGATACGCAGTATTTT,14,SRR2905714,TRB
270,CASSLRADEQYF,5.0,8.069852644490711e-05,TRBV11-2,Unknown,TRBJ2-7,TGTGCCAGCAGCTTACGGGCTGACGAGCAGTACTTC,12,SRR2905714,TRB
195,CASSLEEFHEQFF,5.0,8.069852644490711e-05,TRBV7-9,Unknown,TRBJ2-1,TGTGCCAGCAGCTTGGAAGAGTTCCATGAGCAGTTCTTC,13,SRR2905714,TRB
124,CASSFPRGGKTETQYF,5.0,8.069852644490711e-05,TRBV7-6,TRBD1,TRBJ2-5,TGTGCCAGCAGCTTCCCAAGAGGGGGCAAGACAGAGACCCAGTACTTC,16,SRR2905714,TRB
138,CASSFSGGRSYEQYF,5.0,8.069852644490711e-05,TRBV12-1,Unknown,TRBJ2-7,TGTGCCAGCAGCTTTAGCGGAGGTCGTTCCTACGAGCAGTACTTC,15,SRR2905714,TRB
367,CASSPRQGNSDTQYF,5.0,8.069852644490711e-05,TRBV5-1,TRBD1,TRBJ2-3,TGCGCCAGCAGCCCAAGACAGGGGAATTCAGATACGCAGTATTTT,15,SRR2905714,TRB
165,CASSITDTQYF,5.0,8.069852644490711e-05,TRBV5-1,Unknown,TRBJ2-3,TGCGCCAGCAGCATCACAGATACGCAGTATTTT,11,SRR2905714,TRB
61,CASRGTSGPTYNEQFF,5.0,8.069852644490711e-05,TRBV11-2,TRBD2,TRBJ2-1,TGTGCCAGCAGGGGGACTAGCGGTCCCACCTACAATGAGCAGTTCTTC,16,SRR2905714,TRB
660,CSVEDRQGPYGYTF,5.0,8.069852644490711e-05,TRBV29-1,TRBD1,TRBJ1-2,TGCAGCGTTGAAGATAGGCAGGGACCCTATGGCTACACCTTC,14,SRR2905714,TRB
537,CASSYPYYNEQFF,5.0,8.069852644490711e-05,TRBV6-2,Unknown,TRBJ2-1,TGTGCCAGCAGTTACCCGTACTACAATGAGCAGTTCTTC,13,SRR2905714,TRB
396,CASSQDRVGPSTDTQYF,5.0,8.069852644490711e-05,TRBV4-1,Unknown,TRBJ2-3,TGCGCCAGCAGCCAAGATCGAGTCGGCCCTAGCACAGATACGCAGTATTTT,17,SRR2905714,TRB
630,CSARDLTLSSYEQYF,5.0,8.069852644490711e-05,TRBV20-1,Unknown,TRBJ2-7,TGCAGTGCTAGAGACCTGACCCTAAGCTCCTACGAGCAGTACTTC,15,SRR2905714,TRB
43,CASMEAGVQETQCF,5.0,8.069852644490711e-05,TRBV6-2,TRBD2,TRBJ2-5,TGTGCCAGTATGGAAGCGGGGGTCCAAGAGACCCAGTGCTTC,14,SRR2905714,TRB
601,CATSRRDIREKLFF,5.0,8.069852644490711e-05,TRBV15,Unknown,TRBJ1-4,TGTGCCACCAGCCGTAGAGACATACGGGAGAAACTGTTTTTT,14,SRR2905714,TRB
40,CASKVGDTEAFF,5.0,8.069852644490711e-05,TRBV6-2,Unknown,TRBJ1-1,TGTGCCAGCAAAGTCGGGGACACTGAAGCTTTCTTT,12,SRR2905714,TRB
285,CASSLRSLQETQYF,4.0,6.455882115592569e-05,TRBV5-1,TRBD1,TRBJ2-5,TGCGCCAGCAGCCTTCGGTCCCTTCAAGAGACCCAGTACTTC,14,SRR2905714,TRB
505,CASSVDADIQYF,4.0,6.455882115592569e-05,TRBV5-1,Unknown,TRBJ2-4,TGCGCCAGCAGCGTCGACGCGGACATTCAGTACTTC,12,SRR2905714,TRB
282,CASSLRPGNEQFF,4.0,6.455882115592569e-05,TRBV5-1,Unknown,TRBJ2-1,TGCGCCAGCAGCTTGCGACCTGGGAATGAGCAGTTCTTC,13,SRR2905714,TRB
137,CASSFRVSSYEQYF,4.0,6.455882115592569e-05,TRBV5-4,TRBD2,TRBJ2-7,TGTGCCAGCAGCTTCCGGGTCTCGTCCTACGAGCAGTACTTC,14,SRR2905714,TRB
284,CASSLRQGTGTYEQYF,4.0,6.455882115592569e-05,TRBV7-6,TRBD1,TRBJ2-7,TGTGCCAGCAGCTTAAGGCAGGGGACAGGGACCTACGAGCAGTACTTC,16,SRR2905714,TRB
577,CATSDNQHYEQYF,4.0,6.455882115592569e-05,TRBV24-1,Unknown,TRBJ2-7,TGTGCCACCAGTGACAACCAGCACTACGAGCAGTACTTC,13,SRR2905714,TRB
666,CSVLGGYEQYF,4.0,6.455882115592569e-05,TRBV29-1,TRBD2,TRBJ2-7,TGCAGCGTTCTAGGAGGGTACGAGCAGTACTTC,11,SRR2905714,TRB
573,CATKQGSGYTF,4.0,6.455882115592569e-05,TRBV15,TRBD1,TRBJ1-2,TGTGCCACGAAACAGGGGTCTGGCTACACCTTC,11,SRR2905714,TRB
571,CATHAGTGGYEQYF,4.0,6.455882115592569e-05,TRBV19,TRBD1,TRBJ2-7,TGTGCCACTCACGCCGGGACAGGGGGCTACGAGCAGTACTTC,14,SRR2905714,TRB
42,CASLRQGNTEAFF,4.0,6.455882115592569e-05,TRBV6-2,TRBD1,TRBJ1-1,TGTGCCAGCCTGCGTCAGGGGAACACTGAAGCTTTCTTT,13,SRR2905714,TRB
551,CASTAAGGHEQYF,4.0,6.455882115592569e-05,TRBV6-6,TRBD2,TRBJ2-7,TGTGCCAGCACCGCAGCGGGAGGGCACGAGCAGTACTTC,13,SRR2905714,TRB
490,CASSSTTYEQYF,4.0,6.455882115592569e-05,TRBV6-2,Unknown,TRBJ2-7,TGTGCCAGCAGCTCAACTACTTACGAGCAGTACTTC,12,SRR2905714,TRB
491,CASSSVRQETQYF,4.0,6.455882115592569e-05,TRBV28,Unknown,TRBJ2-5,TGTGCCAGCAGTTCGGTCAGGCAAGAGACCCAGTACTTC,13,SRR2905714,TRB
57,CASRFDSNEQFF,4.0,6.455882115592569e-05,TRBV7-9,TRBD1,TRBJ2-1,TGTGCCAGCAGATTTGACAGCAATGAGCAGTTCTTC,12,SRR2905714,TRB
278,CASSLRGGAYQPQYF,4.0,6.455882115592569e-05,TRBV27,TRBD1,TRBJ1-5,TGTGCCAGCAGTTTACGGGGGGGCGCTTATCAGCCCCAGTATTTT,15,SRR2905714,TRB
194,CASSLEATETQYF,4.0,6.455882115592569e-05,TRBV7-2,Unknown,TRBJ2-5,TGTGCCAGCAGCTTAGAGGCAACAGAGACCCAGTACTTC,13,SRR2905714,TRB
642,CSARVGLSSYNEQFF,4.0,6.455882115592569e-05,TRBV20-1,Unknown,TRBJ2-1,TGCAGTGCTAGAGTCGGTCTGAGCTCCTACAATGAGCAGTTCTTC,15,SRR2905714,TRB
107,CASSETGLGYEQFF,4.0,6.455882115592569e-05,TRBV5-1,TRBD1,TRBJ2-1,TGCGCCAGCAGCGAGACAGGGTTGGGCTATGAGCAGTTCTTC,14,SRR2905714,TRB
251,CASSLGYSSETQYF,4.0,6.455882115592569e-05,TRBV7-2,Unknown,TRBJ2-5,TGTGCCAGCAGCTTAGGGTACAGCTCGGAGACCCAGTACTTC,14,SRR2905714,TRB
26,CASGGRGLSYEQYF,4.0,6.455882115592569e-05,TRBV6-2,TRBD1,TRBJ2-7,TGTGCAAGCGGGGGCAGGGGGCTTTCCTACGAGCAGTACTTC,14,SRR2905714,TRB
536,CASSYLTGRDQPQHF,4.0,6.455882115592569e-05,TRBV6-2,TRBD1,TRBJ1-5,TGTGCCAGCAGTTACTTAACAGGGCGCGATCAGCCCCAGCATTTT,15,SRR2905714,TRB
555,CASTGTGNTEAFF,4.0,6.455882115592569e-05,TRBV28,Unknown,TRBJ1-1,TGTGCCAGCACAGGAACCGGGAACACTGAAGCTTTCTTT,13,SRR2905714,TRB
475,CASSSRGSYNEQFF,4.0,6.455882115592569e-05,TRBV5-1,Unknown,TRBJ2-1,TGCGCCAGCAGCTCCCGTGGTTCCTACAATGAGCAGTTCTTC,14,SRR2905714,TRB
620,CSAKDSSSYEQYF,4.0,6.455882115592569e-05,TRBV20-1,TRBD1,TRBJ2-7,TGCAGTGCCAAGGACAGTTCCTCCTACGAGCAGTACTTC,13,SRR2905714,TRB
463,CASSSHNTGELFF,4.0,6.455882115592569e-05,TRBV7-8,Unknown,TRBJ2-2,TGTGCCAGCAGCTCCCATAACACCGGGGAGCTGTTTTTT,13,SRR2905714,TRB
341,CASSPGKGGKNYEQYF,4.0,6.455882115592569e-05,TRBV7-9,TRBD1,TRBJ2-7,TGTGCCAGCAGCCCCGGGAAGGGGGGGAAGAACTACGAGCAGTACTTC,16,SRR2905714,TRB
231,CASSLGQGPSYEQYF,4.0,6.455882115592569e-05,TRBV12-3,TRBD1,TRBJ2-7,TGTGCCAGCAGTTTGGGACAGGGACCCTCCTACGAGCAGTACTTC,15,SRR2905714,TRB
553,CASTGPREQFF,4.0,6.455882115592569e-05,TRBV7-8,TRBD1,TRBJ2-1,TGTGCCAGCACAGGTCCCAGAGAGCAGTTCTTC,11,SRR2905714,TRB
64,CASRKGGNNYEQYF,4.0,6.455882115592569e-05,TRBV12-3,TRBD1,TRBJ2-7,TGTGCCAGCAGGAAGGGGGGCAATAACTACGAGCAGTACTTC,14,SRR2905714,TRB
586,CATSQDTSGNTIYF,4.0,6.455882115592569e-05,TRBV15,Unknown,TRBJ1-3,TGTGCCACCAGCCAAGACACATCTGGAAACACCATATATTTT,14,SRR2905714,TRB
276,CASSLRGDTYEQYF,4.0,6.455882115592569e-05,TRBV5-1,TRBD1,TRBJ2-7,TGCGCCAGCAGCTTGCGGGGCGATACCTACGAGCAGTACTTC,14,SRR2905714,TRB
207,CASSLEKGTSGRNEQFF,4.0,6.455882115592569e-05,TRBV11-2,TRBD2,TRBJ2-1,TGTGCCAGCAGCTTAGAGAAGGGGACTAGCGGCCGCAATGAGCAGTTCTTC,17,SRR2905714,TRB
386,CASSQDLASGRHEQFF,3.0,4.841911586694427e-05,TRBV4-1,TRBD2,TRBJ2-1,TGCGCCAGCAGCCAAGATCTGGCTAGCGGGAGGCATGAGCAGTTCTTC,16,SRR2905714,TRB
501,CASSTSPLRDNYEQYF,3.0,4.841911586694427e-05,TRBV3-1,TRBD1,TRBJ2-7,TGTGCCAGCAGCACTTCACCCCTCCGGGACAACTACGAGCAGTACTTC,16,SRR2905714,TRB
13,CAISGQGTSYEQYF,3.0,4.841911586694427e-05,TRBV10-3,TRBD1,TRBJ2-7,TGTGCCATCAGTGGACAGGGGACCTCCTACGAGCAGTACTTC,14,SRR2905714,TRB
36,CASILSEVRTGELFF,3.0,4.841911586694427e-05,TRBV7-9,Unknown,TRBJ2-2,TGTGCCAGCATCCTAAGTGAGGTGCGCACCGGGGAGCTGTTTTTT,15,SRR2905714,TRB
318,CASSLYAGANEQFF,3.0,4.841911586694427e-05,TRBV7-3,TRBD2,TRBJ2-1,TGTGCCAGCAGCTTATATGCGGGAGCTAATGAGCAGTTCTTC,14,SRR2905714,TRB
574,CATRDGYEQYF,3.0,4.841911586694427e-05,TRBV15,Unknown,TRBJ2-7,TGTGCCACCAGGGACGGGTACGAGCAGTACTTC,11,SRR2905714,TRB
389,CASSQDPGAAQPYTDTQYF,3.0,4.841911586694427e-05,TRBV3-1,TRBD1,TRBJ2-3,TGTGCCAGCAGCCAAGATCCGGGGGCCGCTCAGCCTTACACAGATACGCAGTATTTT,19,SRR2905714,TRB
323,CASSLYNEQYF,3.0,4.841911586694427e-05,TRBV5-4,Unknown,TRBJ2-7,TGTGCCAGCAGCTTGTATAACGAGCAGTACTTC,11,SRR2905714,TRB
673,CSVVGGTTGELFF,3.0,4.841911586694427e-05,TRBV29-1,TRBD2,TRBJ2-2,TGCAGCGTAGTGGGGGGGACTACCGGGGAGCTGTTTTTT,13,SRR2905714,TRB
11,CAISESGLGNEQFF,3.0,4.841911586694427e-05,TRBV10-3,TRBD2,TRBJ2-1,TGTGCCATCAGTGAGTCGGGACTAGGAAATGAGCAGTTCTTC,14,SRR2905714,TRB
564,CASTRTFFANTGELFF,3.0,4.841911586694427e-05,TRBV7-9,Unknown,TRBJ2-2,TGTGCCAGCACCCGTACTTTCTTCGCGAACACCGGGGAGCTGTTTTTT,16,SRR2905714,TRB
176,CASSLAQDGDEQYF,3.0,4.841911586694427e-05,TRBV5-1,Unknown,TRBJ2-7,TGCGCCAGCAGCTTGGCCCAGGACGGCGACGAGCAGTACTTC,14,SRR2905714,TRB
127,CASSFQSMNTEAFF,3.0,4.841911586694427e-05,TRBV12-3,Unknown,TRBJ1-1,TGTGCCAGCAGTTTCCAGTCTATGAACACTGAAGCTTTCTTT,14,SRR2905714,TRB
670,CSVRGQGAGTEAFF,3.0,4.841911586694427e-05,TRBV29-1,TRBD1,TRBJ1-1,TGCAGCGTTCGGGGACAGGGGGCAGGGACTGAAGCTTTCTTT,14,SRR2905714,TRB
119,CASSFKDLTEWEQYF,3.0,4.841911586694427e-05,TRBV7-9,TRBD2,TRBJ2-7,TGTGCCAGCAGCTTCAAGGACTTGACCGAGTGGGAGCAGTACTTC,15,SRR2905714,TRB
122,CASSFNSATYEQYF,3.0,4.841911586694427e-05,TRBV7-9,TRBD1,TRBJ2-7,TGTGCCAGCAGCTTTAATAGCGCCACCTACGAGCAGTACTTC,14,SRR2905714,TRB
170,CASSLAGALYEQYF,3.0,4.841911586694427e-05,TRBV6-5,TRBD2,TRBJ2-7,TGTGCCAGCAGTCTAGCGGGAGCTCTATACGAGCAGTACTTC,14,SRR2905714,TRB
637,CSAREREGNYEQYF,3.0,4.841911586694427e-05,TRBV20-1,TRBD2,TRBJ2-7,TGCAGTGCTAGAGAGCGGGAGGGAAACTACGAGCAGTACTTC,14,SRR2905714,TRB
493,CASSSYKEGYTGELFF,3.0,4.841911586694427e-05,TRBV7-3,TRBD2,TRBJ2-2,TGTGCCAGCAGCTCCTACAAGGAGGGGTACACCGGGGAGCTGTTTTTT,16,SRR2905714,TRB
394,CASSQDRRQGGELFF,3.0,4.841911586694427e-05,TRBV4-2,TRBD1,TRBJ2-2,TGTGCCAGCAGCCAAGATCGAAGGCAGGGCGGGGAGCTGTTTTTT,15,SRR2905714,TRB
180,CASSLAVGPLYNEQFF,3.0,4.841911586694427e-05,TRBV7-9,TRBD1,TRBJ2-1,TGTGCCAGCAGCTTAGCGGTGGGGCCACTCTACAATGAGCAGTTCTTC,16,SRR2905714,TRB
544,CASSYSRGTPRFF,3.0,4.841911586694427e-05,TRBV6-5,TRBD1,TRBJ2-1,TGTGCCAGCAGTTACTCGAGGGGGACCCCCCGGTTCTTC,13,SRR2905714,TRB
221,CASSLGGSGNTIYF,3.0,4.841911586694427e-05,TRBV7-2,TRBD2,TRBJ1-3,TGTGCCAGCAGCTTGGGAGGGTCTGGAAACACCATATATTTT,14,SRR2905714,TRB
90,CASSATSAITLEQYF,3.0,4.841911586694427e-05,TRBV7-2,TRBD2,TRBJ2-7,TGTGCCAGCAGCGCGACTAGCGCCATAACCTTAGAGCAGTACTTC,15,SRR2905714,TRB
219,CASSLGGGSYEQYF,3.0,4.841911586694427e-05,TRBV5-5,TRBD1,TRBJ2-7,TGTGCCAGCAGCTTGGGGGGGGGATCCTACGAGCAGTACTTC,14,SRR2905714,TRB
522,CASSWGTVLTEAFF,3.0,4.841911586694427e-05,TRBV7-9,TRBD1,TRBJ1-1,TGTGCCAGCAGCTGGGGGACAGTCTTGACTGAAGCTTTCTTT,14,SRR2905714,TRB
100,CASSEFRTYEQYF,3.0,4.841911586694427e-05,TRBV6-1,Unknown,TRBJ2-7,TGTGCCAGCAGTGAATTTAGAACCTACGAGCAGTACTTC,13,SRR2905714,TRB
238,CASSLGRTSYEQYF,3.0,4.841911586694427e-05,TRBV7-8,Unknown,TRBJ2-7,TGTGCCAGCAGCTTAGGACGGACCTCCTACGAGCAGTACTTC,14,SRR2905714,TRB
205,CASSLEGTSTF,3.0,4.841911586694427e-05,TRBV5-1,TRBD2,TRBJ2-7,TGCGCCAGCAGCTTGGAAGGGACCTCCACCTTC,11,SRR2905714,TRB
80,CASRVPGPTYEQYF,3.0,4.841911586694427e-05,TRBV6-1,TRBD2,TRBJ2-7,TGTGCCAGCAGGGTACCGGGCCCGACCTACGAGCAGTACTTC,14,SRR2905714,TRB
258,CASSLLAGIYNEQFF,3.0,4.841911586694427e-05,TRBV7-2,TRBD2,TRBJ2-1,TGTGCCAGCAGCTTACTAGCGGGCATTTACAATGAGCAGTTCTTC,15,SRR2905714,TRB
260,CASSLLGRTDTQYF,3.0,4.841911586694427e-05,TRBV7-8,Unknown,TRBJ2-3,TGTGCCAGCAGCTTACTGGGGAGGACAGATACGCAGTATTTT,14,SRR2905714,TRB
265,CASSLPGGEETQYF,3.0,4.841911586694427e-05,TRBV12-3,TRBD2,TRBJ2-5,TGTGCCAGCAGTTTGCCGGGAGGGGAGGAGACCCAGTACTTC,14,SRR2905714,TRB
640,CSARTRVGHCNEQFF,3.0,4.841911586694427e-05,TRBV20-1,TRBD2,TRBJ2-1,TGCAGTGCTAGAACTAGAGTCGGCCACTGCAATGAGCAGTTCTTC,15,SRR2905714,TRB
190,CASSLDSASYEQYF,3.0,4.841911586694427e-05,TRBV4-3,Unknown,TRBJ2-7,TGCGCCAGCAGCCTTGACTCTGCCTCCTACGAGCAGTACTTC,14,SRR2905714,TRB
313,CASSLVTGELFF,3.0,4.841911586694427e-05,TRBV5-5,Unknown,TRBJ2-2,TGTGCCAGCAGCTTGGTGACCGGGGAGCTGTTTTTT,12,SRR2905714,TRB
479,CASSSSGRNYEQYF,3.0,4.841911586694427e-05,TRBV18,TRBD2,TRBJ2-7,TGTGCCAGCTCATCTAGCGGGAGGAATTACGAGCAGTACTTC,14,SRR2905714,TRB
355,CASSPLKGRSEETQYF,3.0,4.841911586694427e-05,TRBV12-3,TRBD2,TRBJ2-5,TGTGCCAGCAGTCCCTTAAAAGGGAGAAGTGAAGAGACCCAGTACTTC,16,SRR2905714,TRB
445,CASSRVLVDRAFTNEQYF,3.0,4.841911586694427e-05,TRBV7-2,TRBD1,TRBJ2-7,TGTGCCAGCAGCCGCGTTTTGGTAGACAGGGCCTTTACGAACGAGCAGTACTTC,18,SRR2905714,TRB
308,CASSLVPENIQYF,3.0,4.841911586694427e-05,TRBV7-8,Unknown,TRBJ2-4,TGTGCCAGCAGCTTAGTCCCAGAAAACATTCAGTACTTC,13,SRR2905714,TRB
431,CASSRGPGGDQPQHF,3.0,4.841911586694427e-05,TRBV7-9,TRBD1,TRBJ1-5,TGTGCCAGCAGCCGCGGTCCGGGGGGCGATCAGCCCCAGCATTTT,15,SRR2905714,TRB
286,CASSLRSSGANVLTF,3.0,4.8419115866944266e-05,TRBV12-3,Unknown,TRBJ2-6,TGTGCCAGCAGTTTAAGAAGCTCTGGGGCCAACGTCCTGACTTTC,15,SRR2905714,TRB
638,CSARGTAANTGELFF,3.0,4.841911586694427e-05,TRBV20-1,TRBD1,TRBJ2-2,TGCAGTGCTAGAGGGACAGCCGCGAACACCGGGGAGCTGTTTTTT,15,SRR2905714,TRB
558,CASTLANYNEQFF,3.0,4.841911586694427e-05,TRBV11-2,Unknown,TRBJ2-1,TGTGCCAGCACCTTAGCGAACTACAATGAGCAGTTCTTC,13,SRR2905714,TRB
155,CASSHYNDGSNTDTQYF,3.0,4.841911586694427e-05,TRBV11-3,Unknown,TRBJ2-3,TGTGCCAGCAGCCATTACAACGATGGCAGTAACACAGATACGCAGTATTTT,17,SRR2905714,TRB
184,CASSLDKAGGSYNEQFF,3.0,4.841911586694427e-05,TRBV5-5,Unknown,TRBJ2-1,TGTGCCAGCAGCTTGGACAAGGCCGGGGGCTCCTACAATGAGCAGTTCTTC,17,SRR2905714,TRB
63,CASRITDTQYF,3.0,4.841911586694427e-05,TRBV27,Unknown,TRBJ2-3,TGTGCCAGCCGGATCACAGATACGCAGTATTTT,11,SRR2905714,TRB
482,CASSSSPNEQFF,3.0,4.841911586694427e-05,TRBV6-6,Unknown,TRBJ2-1,TGTGCCAGCAGTTCCTCCCCGAATGAGCAGTTCTTC,12,SRR2905714,TRB
293,CASSLSVGEQFF,3.0,4.841911586694427e-05,TRBV5-6,TRBD2,TRBJ2-1,TGTGCCAGCAGCCTTAGCGTCGGTGAGCAGTTCTTC,12,SRR2905714,TRB
181,CASSLAVGSGANVLTF,3.0,4.841911586694427e-05,TRBV5-5,Unknown,TRBJ2-6,TGTGCCAGCAGCTTGGCTGTGGGCTCCGGGGCCAACGTCCTGACTTTC,16,SRR2905714,TRB
485,CASSSSRGNYNEQFF,3.0,4.841911586694427e-05,TRBV11-3,TRBD1,TRBJ2-1,TGTGCCAGCAGCTCCTCTCGGGGGAACTACAATGAGCAGTTCTTC,15,SRR2905714,TRB
363,CASSPPWNRDTGKLFF,3.0,4.841911586694427e-05,TRBV14,TRBD1,TRBJ2-2,TGTGCCAGCAGCCCCCCCTGGAACAGGGACACCGGGAAGCTGTTTTTT,16,SRR2905714,TRB
381,CASSQAGAEGLNGEKLFF,2.0,3.2279410577962844e-05,TRBV3-1,TRBD1,TRBJ1-4,TGTGCCAGCAGCCAAGCGGGTGCAGAGGGGTTAAATGGTGAAAAACTGTTTTTT,18,SRR2905714,TRB
511,CASSVGQHYEQYF,2.0,3.2279410577962844e-05,TRBV5-1,TRBD1,TRBJ2-7,TGCGCCAGCAGCGTCGGACAGCATTACGAGCAGTACTTC,13,SRR2905714,TRB
506,CASSVDGSSYEQYF,2.0,3.2279410577962844e-05,TRBV9,Unknown,TRBJ2-7,TGTGCCAGCAGCGTAGATGGGTCGTCCTACGAGCAGTACTTC,14,SRR2905714,TRB
379,CASSPVGLANEQFF,2.0,3.2279410577962844e-05,TRBV27,TRBD1,TRBJ2-1,TGTGCCAGCAGTCCTGTGGGCCTAGCGAATGAGCAGTTCTTC,14,SRR2905714,TRB
415,CASSQSSSTGELFF,2.0,3.2279410577962844e-05,TRBV4-1,Unknown,TRBJ2-2,TGCGCCAGCAGCCAGAGTAGCAGCACCGGGGAGCTGTTTTTT,14,SRR2905714,TRB
439,CASSRQVRENSPLHF,2.0,3.2279410577962844e-05,TRBV5-1,TRBD1,TRBJ1-6,TGCGCCAGCAGCCGCCAGGTTCGGGAAAATTCACCCCTCCACTTT,15,SRR2905714,TRB
531,CASSYGTYSYEQYF,2.0,3.2279410577962844e-05,TRBV6-2,TRBD1,TRBJ2-7,TGTGCCAGCAGTTACGGGACGTACTCCTACGAGCAGTACTTC,14,SRR2905714,TRB
414,CASSQSRQVLRGTSSYEQYF,2.0,3.2279410577962844e-05,TRBV4-3,TRBD2,TRBJ2-7,TGCGCCAGCAGCCAATCTAGACAGGTCCTTCGCGGGACTAGCAGCTACGAGCAGTACTTC,20,SRR2905714,TRB
407,CASSQGTSNEQFF,2.0,3.2279410577962844e-05,TRBV4-3,Unknown,TRBJ2-1,TGCGCCAGCAGCCAAGGGACTAGCAATGAGCAGTTCTTC,13,SRR2905714,TRB
422,CASSQVLGHRNTEAFF,2.0,3.2279410577962844e-05,TRBV14,TRBD1,TRBJ1-1,TGTGCCAGCAGCCAAGTTTTAGGACACCGGAACACTGAAGCTTTCTTT,16,SRR2905714,TRB
520,CASSWGEGGSYNEQFF,2.0,3.2279410577962844e-05,TRBV6-5,TRBD2,TRBJ2-1,TGTGCCAGCAGTTGGGGAGAAGGTGGCTCCTACAATGAGCAGTTCTTC,16,SRR2905714,TRB
477,CASSSSDRRVNEQFF,2.0,3.2279410577962844e-05,TRBV12-3,TRBD1,TRBJ2-1,TGTGCCAGCAGTTCCAGTGACAGAAGGGTCAATGAGCAGTTCTTC,15,SRR2905714,TRB
404,CASSQGISSYNEQFF,2.0,3.2279410577962844e-05,TRBV4-1,Unknown,TRBJ2-1,TGCGCCAGCAGCCAAGGGATTAGCTCCTACAATGAGCAGTTCTTC,15,SRR2905714,TRB
377,CASSPTLAGISYEQYF,2.0,3.2279410577962844e-05,TRBV28,TRBD2,TRBJ2-7,TGTGCCAGCAGTCCCACCCTAGCGGGCATTTCCTACGAGCAGTACTTC,16,SRR2905714,TRB
461,CASSSGTSGGNEQFF,2.0,3.2279410577962844e-05,TRBV5-1,TRBD2,TRBJ2-1,TGCGCCAGCAGCTCCGGGACTAGTGGGGGCAATGAGCAGTTCTTC,15,SRR2905714,TRB
401,CASSQGESYEQYF,2.0,3.2279410577962844e-05,TRBV4-1,Unknown,TRBJ2-7,TGCGCCAGCAGCCAAGGGGAGTCCTACGAGCAGTACTTC,13,SRR2905714,TRB
518,CASSVVTSGRNEQFF,2.0,3.2279410577962844e-05,TRBV9,TRBD2,TRBJ2-1,TGTGCCAGCAGCGTAGTCACTAGCGGGAGGAATGAGCAGTTCTTC,15,SRR2905714,TRB
400,CASSQESSGLNTEAFF,2.0,3.2279410577962844e-05,TRBV14,TRBD2,TRBJ1-1,TGTGCCAGCAGCCAAGAGAGTAGCGGGTTGAACACTGAAGCTTTCTTT,16,SRR2905714,TRB
399,CASSQERADRRAPLHF,2.0,3.2279410577962844e-05,TRBV4-1,TRBD1,TRBJ1-6,TGCGCCAGCAGCCAAGAACGGGCGGACCGAAGGGCACCCCTCCACTTT,16,SRR2905714,TRB
516,CASSVTGNEYEQYF,2.0,3.2279410577962844e-05,TRBV9,Unknown,TRBJ2-7,TGTGCCAGCAGCGTAACCGGCAATGAGTACGAGCAGTACTTC,14,SRR2905714,TRB
432,CASSRGYEQFF,2.0,3.2279410577962844e-05,TRBV14,TRBD1,TRBJ2-1,TGTGCCAGCAGCCGGGGCTATGAGCAGTTCTTC,11,SRR2905714,TRB
548,CASSYVAGGTYNEQFF,2.0,3.2279410577962844e-05,TRBV12-3,TRBD2,TRBJ2-1,TGTGCCAGCAGTTACGTAGCGGGAGGTACCTACAATGAGCAGTTCTTC,16,SRR2905714,TRB
460,CASSSGTGGADTQYF,2.0,3.2279410577962844e-05,TRBV7-3,TRBD1,TRBJ2-3,TGTGCCAGCAGCTCCGGGACAGGGGGCGCAGATACGCAGTATTTT,15,SRR2905714,TRB
492,CASSSWGVGDTQYF,2.0,3.2279410577962844e-05,TRBV12-3,TRBD2,TRBJ2-3,TGTGCCAGCAGTTCTTGGGGAGTTGGAGATACGCAGTATTTT,14,SRR2905714,TRB
498,CASSTPSGANVLTF,2.0,3.2279410577962844e-05,TRBV12-3,Unknown,TRBJ2-6,TGTGCCAGCAGCACACCATCTGGGGCCAACGTCCTGACTTTC,14,SRR2905714,TRB
500,CASSTRTSGRVNTGELFF,2.0,3.2279410577962844e-05,TRBV19,TRBD2,TRBJ2-2,TGTGCCAGTAGTACCCGGACTAGCGGGAGGGTGAACACCGGGGAGCTGTTTTTT,18,SRR2905714,TRB
450,CASSSDWGQGLFGNQPQHF,2.0,3.2279410577962844e-05,TRBV7-9,TRBD1,TRBJ1-5,TGTGCCAGCAGCTCCGACTGGGGACAGGGGTTGTTTGGCAATCAGCCCCAGCATTTT,19,SRR2905714,TRB
254,CASSLIRGGEQYF,2.0,3.2279410577962844e-05,TRBV7-3,TRBD1,TRBJ2-7,TGTGCCAGCAGCTTAATCAGGGGTGGGGAGCAGTACTTC,13,SRR2905714,TRB
229,CASSLGPEQYF,2.0,3.2279410577962844e-05,TRBV12-3,Unknown,TRBJ2-7,TGTGCCAGCAGTTTAGGGCCCGAGCAGTACTTC,11,SRR2905714,TRB
203,CASSLEGSGVNEQFF,2.0,3.2279410577962844e-05,TRBV7-9,TRBD1,TRBJ2-1,TGTGCCAGCAGCTTAGAAGGCTCCGGGGTCAATGAGCAGTTCTTC,15,SRR2905714,TRB
118,CASSFIQGGAYEQYF,2.0,3.2279410577962844e-05,TRBV5-1,TRBD1,TRBJ2-7,TGCGCCAGCAGCTTTATACAGGGTGGGGCCTACGAGCAGTACTTC,15,SRR2905714,TRB
191,CASSLDSGSNEQFF,2.0,3.2279410577962844e-05,TRBV5-1,TRBD2,TRBJ2-1,TGCGCCAGCAGCTTGGATAGCGGGAGCAATGAGCAGTTCTTC,14,SRR2905714,TRB
116,CASSFGGRETQYF,2.0,3.2279410577962844e-05,TRBV28,TRBD1,TRBJ2-5,TGTGCCAGCAGTTTTGGGGGGCGAGAGACCCAGTACTTC,13,SRR2905714,TRB
192,CASSLDSNQPQHF,2.0,3.2279410577962844e-05,TRBV12-3,Unknown,TRBJ1-5,TGTGCCAGCAGTCTGGACAGCAATCAGCCCCAGCATTTT,13,SRR2905714,TRB
608,CATWTSDHTGELFF,2.0,3.2279410577962844e-05,TRBV7-6,TRBD2,TRBJ2-2,TGTGCCACTTGGACTAGCGATCACACCGGGGAGCTGTTTTTT,14,SRR2905714,TRB
200,CASSLEGGRSYEQYF,2.0,3.2279410577962844e-05,TRBV7-2,TRBD2,TRBJ2-7,TGTGCCAGCAGCTTAGAGGGCGGGAGGAGCTACGAGCAGTACTTC,15,SRR2905714,TRB
206,CASSLEGYEQYF,2.0,3.2279410577962844e-05,TRBV13,Unknown,TRBJ2-7,TGTGCCAGCAGCTTAGAGGGCTACGAGCAGTACTTC,12,SRR2905714,TRB
230,CASSLGQGNEQFF,2.0,3.2279410577962844e-05,TRBV7-9,TRBD1,TRBJ2-1,TGTGCCAGCAGCTTAGGACAGGGGAATGAGCAGTTCTTC,13,SRR2905714,TRB
606,CATSSYYEQYF,2.0,3.2279410577962844e-05,TRBV5-1,Unknown,TRBJ2-7,TGCGCCACTTCTTCCTACTACGAGCAGTACTTC,11,SRR2905714,TRB
216,CASSLGEEAQYF,2.0,3.2279410577962844e-05,TRBV11-3,Unknown,TRBJ2-5,TGTGCCAGCAGCTTAGGTGAAGAGGCCCAGTACTTC,12,SRR2905714,TRB
31,CASGQGGATGELFF,2.0,3.2279410577962844e-05,TRBV3-1,TRBD2,TRBJ2-2,TGTGCCAGCGGCCAGGGAGGCGCCACCGGGGAGCTGTTTTTT,14,SRR2905714,TRB
602,CATSRTPGAYEQYF,2.0,3.2279410577962844e-05,TRBV15,TRBD1,TRBJ2-7,TGTGCCACCAGCAGGACCCCCGGGGCCTACGAGCAGTACTTC,14,SRR2905714,TRB
225,CASSLGLAGNNEQFF,2.0,3.2279410577962844e-05,TRBV5-1,TRBD2,TRBJ2-1,TGCGCCAGCAGCTTGGGACTAGCGGGTAACAATGAGCAGTTCTTC,15,SRR2905714,TRB
669,CSVRDTGELFF,2.0,3.2279410577962844e-05,TRBV20-1,TRBD1,TRBJ2-2,TGCAGTGTCAGGGACACCGGGGAGCTGTTTTTT,11,SRR2905714,TRB
663,CSVGGFSYEQYF,2.0,3.2279410577962844e-05,TRBV29-1,Unknown,TRBJ2-7,TGCAGCGTTGGGGGTTTTTCCTACGAGCAGTACTTC,12,SRR2905714,TRB
49,CASPGAGELFF,2.0,3.2279410577962844e-05,TRBV7-9,TRBD1,TRBJ2-2,TGTGCCAGCCCAGGGGCCGGGGAGCTGTTTTTT,11,SRR2905714,TRB
186,CASSLDPGSNIQYF,2.0,3.2279410577962844e-05,TRBV5-1,Unknown,TRBJ2-4,TGCGCCAGCAGCTTGGATCCAGGTTCAAACATTCAGTACTTC,14,SRR2905714,TRB
635,CSARDRGGRYEQYF,2.0,3.2279410577962844e-05,TRBV20-1,Unknown,TRBJ2-7,TGCAGTGCTAGAGATCGAGGCGGACGCTACGAGCAGTACTTC,14,SRR2905714,TRB
123,CASSFNTGGSSYEQYF,2.0,3.2279410577962844e-05,TRBV5-1,TRBD2,TRBJ2-7,TGCGCCAGCAGCTTCAATACGGGAGGGAGCTCCTACGAGCAGTACTTC,16,SRR2905714,TRB
171,CASSLAGDNQPQHF,2.0,3.2279410577962844e-05,TRBV6-5,Unknown,TRBJ1-5,TGTGCCAGCAGTTTAGCTGGGGACAATCAGCCCCAGCATTTT,14,SRR2905714,TRB
79,CASRTTVGGLYEQYF,2.0,3.2279410577962844e-05,TRBV5-1,Unknown,TRBJ2-7,TGCGCCAGCAGAACGACGGTGGGGGGACTCTACGAGCAGTACTTC,15,SRR2905714,TRB
55,CASREGGTGGDTQYF,2.0,3.2279410577962844e-05,TRBV7-3,TRBD1,TRBJ2-3,TGTGCCAGCAGAGAAGGGGGGACTGGGGGAGATACGCAGTATTTT,15,SRR2905714,TRB
631,CSARDLTSYNEQFF,2.0,3.2279410577962844e-05,TRBV20-1,Unknown,TRBJ2-1,TGCAGTGCTAGAGACCTAACCTCCTACAATGAGCAGTTCTTC,14,SRR2905714,TRB
621,CSALDGTSYEQYF,2.0,3.2279410577962844e-05,TRBV20-1,Unknown,TRBJ2-7,TGCAGTGCTCTGGACGGGACCTCCTACGAGCAGTACTTC,13,SRR2905714,TRB
622,CSALFRNTEAFF,2.0,3.2279410577962844e-05,TRBV29-1,Unknown,TRBJ1-1,TGCAGCGCCCTTTTCAGGAACACTGAAGCTTTCTTT,12,SRR2905714,TRB
156,CASSIAGKSEQFF,2.0,3.2279410577962844e-05,TRBV12-3,Unknown,TRBJ2-1,TGTGCCAGCAGTATAGCGGGAAAGAGTGAGCAGTTCTTC,13,SRR2905714,TRB
134,CASSFRLAPYEQYF,2.0,3.2279410577962844e-05,TRBV7-9,Unknown,TRBJ2-7,TGTGCCAGCAGCTTCCGCCTTGCCCCCTACGAGCAGTACTTC,14,SRR2905714,TRB
373,CASSPSGTGQEAFF,2.0,3.2279410577962844e-05,TRBV11-3,TRBD1,TRBJ1-1,TGTGCCAGCAGCCCTTCAGGGACAGGCCAGGAAGCTTTCTTT,14,SRR2905714,TRB
136,CASSFRRDNEQFF,2.0,3.2279410577962844e-05,TRBV7-9,Unknown,TRBJ2-1,TGTGCCAGCAGCTTTAGAAGGGACAATGAGCAGTTCTTC,13,SRR2905714,TRB
72,CASRPVGWPDEQYF,2.0,3.2279410577962844e-05,TRBV12-2,Unknown,TRBJ2-7,TGTGCAAGTCGCCCGGTGGGGTGGCCTGACGAGCAGTACTTC,14,SRR2905714,TRB
141,CASSFWQAYEQYF,2.0,3.2279410577962844e-05,TRBV12-3,Unknown,TRBJ2-7,TGTGCCAGCAGTTTCTGGCAGGCCTACGAGCAGTACTTC,13,SRR2905714,TRB
76,CASRSRLASVETQYF,2.0,3.2279410577962844e-05,TRBV28,TRBD2,TRBJ2-5,TGTGCCAGCAGATCCCGACTAGCCTCGGTAGAGACCCAGTACTTC,15,SRR2905714,TRB
143,CASSGDRDRNQPQHF,2.0,3.2279410577962844e-05,TRBV6-6,TRBD1,TRBJ1-5,TGTGCCAGCAGTGGGGACAGGGACCGCAATCAGCCCCAGCATTTT,15,SRR2905714,TRB
14,CAITAGELQYF,2.0,3.2279410577962844e-05,TRBV10-3,TRBD1,TRBJ2-3,TGTGCCATCACAGCAGGGGAATTGCAGTATTTT,11,SRR2905714,TRB
361,CASSPPVGGMSNEQFF,2.0,3.2279410577962844e-05,TRBV5-1,TRBD2,TRBJ2-1,TGCGCCAGCAGCCCTCCTGTGGGAGGCATGTCCAATGAGCAGTTCTTC,16,SRR2905714,TRB
562,CASTREGVEQYF,2.0,3.2279410577962844e-05,TRBV12-3,TRBD2,TRBJ2-7,TGTGCCAGCACCCGGGAGGGGGTCGAGCAGTACTTC,12,SRR2905714,TRB
5,CAGSLEGETQYF,2.0,3.2279410577962844e-05,TRBV12-3,TRBD2,TRBJ2-5,TGTGCCGGCAGTTTGGAGGGTGAGACCCAGTACTTC,12,SRR2905714,TRB
347,CASSPGTASTDTQYF,2.0,3.2279410577962844e-05,TRBV12-3,TRBD1,TRBJ2-3,TGTGCCAGCAGTCCCGGGACAGCTAGCACAGATACGCAGTATTTT,15,SRR2905714,TRB
346,CASSPGLTNTQYF,2.0,3.2279410577962844e-05,TRBV27,TRBD2,TRBJ2-3,TGTGCCAGCAGCCCCGGACTCACCAATACGCAGTATTTT,13,SRR2905714,TRB
9,CAIRSGLADRTGNEQFF,2.0,3.2279410577962844e-05,TRBV10-3,TRBD2,TRBJ2-1,TGTGCCATCAGATCAGGACTAGCGGACCGCACTGGGAATGAGCAGTTCTTC,17,SRR2905714,TRB
674,CSVVPSLGAQETQYF,2.0,3.2279410577962844e-05,TRBV29-1,TRBD2,TRBJ2-5,TGCAGCGTTGTACCCTCCCTGGGGGCTCAAGAGACCCAGTACTTC,15,SRR2905714,TRB
359,CASSPPGGETQYF,2.0,3.2279410577962844e-05,TRBV7-3,TRBD1,TRBJ2-5,TGTGCCAGCAGCCCCCCCGGCGGAGAGACCCAGTACTTC,13,SRR2905714,TRB
12,CAISEYPGGADTQYF,2.0,3.2279410577962844e-05,TRBV10-3,TRBD1,TRBJ2-3,TGTGCCATCAGTGAGTACCCCGGGGGGGCAGATACGCAGTATTTT,15,SRR2905714,TRB
580,CATSKVDSLKETQYF,2.0,3.2279410577962844e-05,TRBV15,TRBD1,TRBJ2-5,TGTGCCACCAGCAAAGTGGACAGCCTTAAAGAGACCCAGTACTTC,15,SRR2905714,TRB
301,CASSLTSGMGNEQFF,2.0,3.2279410577962844e-05,TRBV7-9,TRBD2,TRBJ2-1,TGTGCCAGCAGTTTGACTAGCGGGATGGGCAATGAGCAGTTCTTC,15,SRR2905714,TRB
103,CASSEQDSDTQYF,2.0,3.2279410577962844e-05,TRBV5-1,TRBD1,TRBJ2-3,TGCGCCAGCAGCGAACAGGATTCAGATACGCAGTATTTT,13,SRR2905714,TRB
16,CANGQNVYEQYF,2.0,3.2279410577962844e-05,TRBV21-1,TRBD1,TRBJ2-7,TGTGCCAACGGACAGAATGTCTACGAGCAGTACTTC,12,SRR2905714,TRB
291,CASSLSSGTGYNEQFF,2.0,3.2279410577962844e-05,TRBV27,TRBD1,TRBJ2-1,TGTGCCAGCAGTTTATCAAGCGGGACAGGTTACAATGAGCAGTTCTTC,16,SRR2905714,TRB
358,CASSPPAYNEQFF,2.0,3.2279410577962844e-05,TRBV11-2,TRBD1,TRBJ2-1,TGTGCCAGCAGCCCCCCGGCCTACAATGAGCAGTTCTTC,13,SRR2905714,TRB
288,CASSLSAYEQYF,2.0,3.2279410577962844e-05,TRBV12-3,Unknown,TRBJ2-7,TGTGCCAGCAGTTTATCTGCCTACGAGCAGTACTTC,12,SRR2905714,TRB
283,CASSLRQGLDEQYF,2.0,3.2279410577962844e-05,TRBV27,TRBD1,TRBJ2-7,TGTGCCAGCAGTTTGAGACAGGGGTTGGACGAGCAGTACTTC,14,SRR2905714,TRB
275,CASSLRETQYF,2.0,3.2279410577962844e-05,TRBV7-3,Unknown,TRBJ2-5,TGTGCCAGCAGCTTAAGGGAGACCCAGTACTTC,11,SRR2905714,TRB
19,CASADGSEQYF,2.0,3.2279410577962844e-05,TRBV27,Unknown,TRBJ2-7,TGTGCCAGCGCGGACGGCTCTGAGCAGTACTTC,11,SRR2905714,TRB
556,CASTHGSSYEQYF,2.0,3.2279410577962844e-05,TRBV19,Unknown,TRBJ2-7,TGTGCCAGTACGCACGGGAGCTCCTACGAGCAGTACTTC,13,SRR2905714,TRB
369,CASSPRTAGLGDTQYF,2.0,3.2279410577962844e-05,TRBV7-2,TRBD1,TRBJ2-3,TGTGCCAGCAGCCCTCGGACGGCGGGGCTCGGCGATACGCAGTATTTT,16,SRR2905714,TRB
264,CASSLNRIEQFF,2.0,3.2279410577962844e-05,TRBV12-3,Unknown,TRBJ2-1,TGTGCCAGCAGTTTAAACCGCATTGAGCAGTTCTTC,12,SRR2905714,TRB
672,CSVSPNPYEQYF,2.0,3.2279410577962844e-05,TRBV29-1,Unknown,TRBJ2-7,TGCAGCGTTTCGCCGAACCCTTACGAGCAGTACTTC,12,SRR2905714,TRB
593,CATSRDVGPVNTQYF,2.0,3.2279410577962844e-05,TRBV15,TRBD2,TRBJ2-3,TGTGCCACCAGCAGAGATGTGGGCCCTGTGAATACGCAGTATTTT,15,SRR2905714,TRB
242,CASSLGSSGLEQYF,2.0,3.2279410577962844e-05,TRBV7-8,Unknown,TRBJ2-7,TGTGCCAGCAGCTTAGGGTCGTCGGGCCTCGAGCAGTACTTC,14,SRR2905714,TRB
241,CASSLGSNSYEQYF,2.0,3.2279410577962844e-05,TRBV12-4,Unknown,TRBJ2-7,TGTGCCAGCAGTTTAGGCAGTAACAGCTACGAGCAGTACTTC,14,SRR2905714,TRB
240,CASSLGSLTGYTEAFF,2.0,3.2279410577962844e-05,TRBV11-3,TRBD1,TRBJ1-1,TGTGCCAGCAGCTTAGGGTCCCTCACAGGGTACACTGAAGCTTTCTTT,16,SRR2905714,TRB
99,CASSEAGLADGEQYF,2.0,3.2279410577962844e-05,TRBV2,TRBD2,TRBJ2-7,TGTGCCAGCAGTGAGGCGGGACTAGCTGACGGGGAGCAGTACTTC,15,SRR2905714,TRB
521,CASSWGLADTGELFF,1.0,1.6139705288981422e-05,TRBV5-1,TRBD2,TRBJ2-2,TGCGCCAGCAGCTGGGGACTAGCAGACACCGGGGAGCTGTTTTTT,15,SRR2905714,TRB
652,CSVCEGAGGYQETQYF,1.0,1.6139705288981422e-05,TRBV20-1,TRBD1,TRBJ2-5,TGCAGTGTCTGCGAGGGGGCAGGGGGGTACCAAGAGACCCAGTACTTC,16,SRR2905714,TRB
648,CSGTSGMAGSAQTQYF,1.0,1.6139705288981422e-05,TRBV29-1,TRBD2,TRBJ2-5,TGCAGTGGGACTAGCGGGATGGCTGGCAGTGCTCAGACCCAGTACTTC,16,SRR2905714,TRB
651,CSVAMGSGPYEQYF,1.0,1.6139705288981422e-05,TRBV29-1,Unknown,TRBJ2-7,TGCAGCGTCGCCATGGGTAGCGGCCCCTACGAGCAGTACTTC,14,SRR2905714,TRB
650,CSPRRMTDTQYF,1.0,1.6139705288981422e-05,TRBV20-1,TRBD1,TRBJ2-3,TGCAGTCCCCGGAGAATGACAGATACGCAGTATTTT,12,SRR2905714,TRB
554,CASTGTGNTAAFF,1.0,1.6139705288981422e-05,TRBV28,Unknown,TRBJ1-1,TGTGCCAGCACAGGAACCGGGAACACTGCAGCTTTCTTT,13,SRR2905714,TRB
668,CSVPTSGPKDTQYF,1.0,1.6139705288981422e-05,TRBV29-1,TRBD2,TRBJ2-3,TGCAGCGTTCCGACTAGCGGGCCAAAAGATACGCAGTATTTT,14,SRR2905714,TRB
519,CASSWDSLMNEQYF,1.0,1.6139705288981422e-05,TRBV7-9,TRBD2,TRBJ2-7,TGTGCCAGCAGCTGGGACTCACTTATGAACGAGCAGTACTTC,14,SRR2905714,TRB
654,CSVDHRGAKADTQYF,1.0,1.6139705288981422e-05,TRBV29-1,TRBD1,TRBJ2-3,TGCAGCGTTGACCATAGAGGGGCGAAAGCAGATACGCAGTATTTT,15,SRR2905714,TRB
676,CVSSMRSADTQYF,1.0,1.6139705288981422e-05,TRBV19,Unknown,TRBJ2-3,TGTGTCAGTAGTATGCGGTCGGCAGATACGCAGTATTTT,13,SRR2905714,TRB
512,CASSVGTTSTDTQYF,1.0,1.6139705288981422e-05,TRBV9,TRBD1,TRBJ2-3,TGTGCCAGCAGCGTTGGGACAACTAGCACAGATACGCAGTATTTT,15,SRR2905714,TRB
513,CASSVLVADTQYF,1.0,1.6139705288981422e-05,TRBV5-1,Unknown,TRBJ2-3,TGCGCCAGCAGCGTGCTAGTAGCAGATACGCAGTATTTT,13,SRR2905714,TRB
514,CASSVSGHQPQHF,1.0,1.6139705288981422e-05,TRBV10-1,TRBD1,TRBJ1-5,TGCGCCAGCAGTGTATCCGGGCACCAGCCCCAGCATTTT,13,SRR2905714,TRB
671,CSVRHGGYEQYF,1.0,1.6139705288981422e-05,TRBV29-1,TRBD1,TRBJ2-7,TGCAGCGTACGCCACGGGGGCTACGAGCAGTACTTC,12,SRR2905714,TRB
645,CSASSKDTGELFF,1.0,1.6139705288981422e-05,TRBV29-1,Unknown,TRBJ2-2,TGCAGCGCCAGCTCGAAGGACACCGGGGAGCTGTTTTTT,13,SRR2905714,TRB
665,CSVKKDSGSYNEQFF,1.0,1.6139705288981422e-05,TRBV29-1,TRBD2,TRBJ2-1,TGCAGCGTTAAAAAGGATAGCGGCTCCTACAATGAGCAGTTCTTC,15,SRR2905714,TRB
515,CASSVSGRQETQYF,1.0,1.6139705288981422e-05,TRBV7-9,Unknown,TRBJ2-5,TGTGCCAGCAGTGTTAGCGGGAGACAAGAGACCCAGTACTTC,14,SRR2905714,TRB
517,CASSVTGTGGSYEQYF,1.0,1.6139705288981422e-05,TRBV9,TRBD1,TRBJ2-7,TGTGCCAGCAGCGTCACCGGGACAGGGGGCTCCTACGAGCAGTACTTC,16,SRR2905714,TRB
662,CSVGGDTQYF,1.0,1.6139705288981422e-05,TRBV29-1,Unknown,TRBJ2-3,TGCAGCGTTGGAGGAGATACGCAGTATTTT,10,SRR2905714,TRB
661,CSVEDSGVGYTF,1.0,1.6139705288981422e-05,TRBV29-1,Unknown,TRBJ1-2,TGCAGCGTTGAAGATTCCGGTGTTGGCTACACCTTC,12,SRR2905714,TRB
659,CSVEDEGRNSVYEQYF,1.0,1.6139705288981422e-05,TRBV29-1,TRBD1,TRBJ2-7,TGCAGCGTTGAAGATGAAGGGCGAAATTCAGTGTACGAGCAGTACTTC,16,SRR2905714,TRB
658,CSVEASGSRREQFF,1.0,1.6139705288981422e-05,TRBV29-1,TRBD2,TRBJ2-1,TGCAGCGTTGAAGCTAGCGGGAGTCGACGTGAGCAGTTCTTC,14,SRR2905714,TRB
657,CSVDTGTGDYNEQLF,1.0,1.6139705288981422e-05,TRBV29-1,TRBD1,TRBJ2-1,TGCAGCGTTGACACCGGGACAGGGGACTACAATGAGCAGCTCTTC,15,SRR2905714,TRB
655,CSVDNVELFF,1.0,1.6139705288981422e-05,TRBV29-1,Unknown,TRBJ2-2,TGCAGCGTTGATAACGTGGAGCTGTTTTTT,10,SRR2905714,TRB
647,CSGGRNTGELFF,1.0,1.6139705288981422e-05,TRBV29-1,TRBD1,TRBJ2-2,TGCAGCGGGGGGCGGAACACCGGGGAGCTGTTTTTT,12,SRR2905714,TRB
624,CSALPDQGWMDTQYS,1.0,1.6139705288981422e-05,TRBV29-1,TRBD2,TRBJ2-3,TGCAGCGCCCTCCCGGATCAGGGTTGGATGGATACGCAGTATTCT,15,SRR2905714,TRB
644,CSASLTSGWADTQYF,1.0,1.6139705288981422e-05,TRBV20-1,TRBD2,TRBJ2-3,TGCAGTGCTAGCCTGACTAGCGGCTGGGCAGATACGCAGTATTTT,15,SRR2905714,TRB
525,CASSYETSGSETQYS,1.0,1.6139705288981422e-05,TRBV5-1,TRBD2,TRBJ2-5,TGCGCCAGCAGCTACGAGACTAGCGGATCGGAGACCCAGTACTCC,15,SRR2905714,TRB
535,CASSYLSGYEQYF,1.0,1.6139705288981422e-05,TRBV6-2,TRBD2,TRBJ2-7,TGTGCCAGCAGTTACCTAAGCGGTTACGAGCAGTACTTC,13,SRR2905714,TRB
607,CATVDGYNEQFF,1.0,1.6139705288981422e-05,TRBV24-1,Unknown,TRBJ2-1,TGTGCCACCGTGGACGGCTACAATGAGCAGTTCTTC,12,SRR2905714,TRB
603,CATSSDRGGGEDEQFF,1.0,1.6139705288981422e-05,TRBV15,TRBD1,TRBJ2-1,TGTGCCACCAGCAGCGACAGGGGGGGTGGTGAAGATGAGCAGTTCTTC,16,SRR2905714,TRB
600,CATSRNRGNQPQHF,1.0,1.6139705288981422e-05,TRBV15,TRBD1,TRBJ1-5,TGTGCCACCAGCAGGAACAGGGGGAATCAGCCCCAGCATTTT,14,SRR2905714,TRB
599,CATSRGVGPVNTQYF,1.0,1.6139705288981422e-05,TRBV15,TRBD2,TRBJ2-3,TGTGCCACCAGCAGAGGTGTGGGCCCTGTGAATACGCAGTATTTT,15,SRR2905714,TRB
542,CASSYSHSYTGELFF,1.0,1.6139705288981422e-05,TRBV6-5,Unknown,TRBJ2-2,TGTGCCAGCAGTTACTCACACAGCTACACCGGGGAGCTGTTTTTT,15,SRR2905714,TRB
591,CATSRDRRPGTDTQYV,1.0,1.6139705288981422e-05,TRBV15,TRBD2,TRBJ2-3,TGTGCCACCAGCAGAGATAGGAGGCCTGGCACAGATACGCAGTATGTT,16,SRR2905714,TRB
587,CATSQGWGNEQFF,1.0,1.6139705288981422e-05,TRBV24-1,TRBD1,TRBJ2-1,TGTGCCACCAGTCAGGGATGGGGCAATGAGCAGTTCTTC,13,SRR2905714,TRB
545,CASSYTGDEQYF,1.0,1.6139705288981422e-05,TRBV5-1,TRBD1,TRBJ2-7,TGCGCCAGCAGCTACACAGGGGACGAGCAGTACTTC,12,SRR2905714,TRB
583,CATSMYREDGEKLFF,1.0,1.6139705288981422e-05,TRBV15,TRBD1,TRBJ1-4,TGTGCCACCAGTATGTACAGGGAAGACGGTGAAAAACTGTTTTTT,15,SRR2905714,TRB
581,CATSKVDSLKETRYF,1.0,1.6139705288981422e-05,TRBV15,TRBD1,TRBJ2-5,TGTGCCACCAGCAAAGTGGACAGCCTTAAAGAGACCCGGTACTTC,15,SRR2905714,TRB
547,CASSYTVRGEQYF,1.0,1.6139705288981422e-05,TRBV6-5,TRBD2,TRBJ2-7,TGTGCCAGCAGTTACACGGTCCGAGGGGAGCAGTACTTC,13,SRR2905714,TRB
579,CATSKMAETQYF,1.0,1.6139705288981422e-05,TRBV15,Unknown,TRBJ2-5,TGTGCCACCAGCAAAATGGCGGAGACCCAGTACTTC,12,SRR2905714,TRB
567,CATEKGREGGNEQFF,1.0,1.6139705288981422e-05,TRBV6-6,TRBD2,TRBJ2-1,TGTGCCACCGAAAAGGGGAGGGAGGGCGGCAATGAGCAGTTCTTC,15,SRR2905714,TRB
565,CASTTDSDSYYEQYF,1.0,1.6139705288981422e-05,TRBV19,TRBD1,TRBJ2-7,TGTGCCAGTACCACCGACAGCGACTCCTACTACGAGCAGTACTTC,15,SRR2905714,TRB
563,CASTRTDTQYF,1.0,1.6139705288981422e-05,TRBV7-2,TRBD1,TRBJ2-3,TGTGCCAGTACCCGGACAGATACGCAGTATTTT,11,SRR2905714,TRB
560,CASTPRIAGGLDEQFF,1.0,1.6139705288981422e-05,TRBV7-6,TRBD2,TRBJ2-1,TGTGCCAGCACCCCTAGGATAGCGGGAGGGTTAGATGAGCAGTTCTTC,16,SRR2905714,TRB
534,CASSYLDTQYF,1.0,1.6139705288981422e-05,TRBV6-2,Unknown,TRBJ2-3,TGTGCCAGCAGTTACTTAGATACGCAGTATTTT,11,SRR2905714,TRB
610,CAWSAGLYEQYF,1.0,1.6139705288981422e-05,TRBV30,Unknown,TRBJ2-7,TGTGCCTGGAGTGCAGGCTTATACGAGCAGTACTTC,12,SRR2905714,TRB
533,CASSYGVGVKFF,1.0,1.6139705288981422e-05,TRBV6-5,TRBD2,TRBJ2-1,TGTGCCAGCAGTTACGGGGTGGGAGTCAAGTTCTTC,12,SRR2905714,TRB
528,CASSYGNSYEQYF,1.0,1.6139705288981422e-05,TRBV27,Unknown,TRBJ2-7,TGTGCCAGCAGTTATGGGAACAGCTACGAGCAGTACTTC,13,SRR2905714,TRB
643,CSARWDYEQYF,1.0,1.6139705288981422e-05,TRBV20-1,Unknown,TRBJ2-7,TGCAGTGCTAGATGGGACTACGAGCAGTACTTC,11,SRR2905714,TRB
639,CSARGTSGDYEQYF,1.0,1.6139705288981422e-05,TRBV20-1,TRBD2,TRBJ2-7,TGCAGTGCTAGAGGGACTAGCGGAGACTACGAGCAGTACTTC,14,SRR2905714,TRB
636,CSAREGLGNYEQYF,1.0,1.6139705288981422e-05,TRBV20-1,TRBD2,TRBJ2-7,TGCAGTGCTAGAGAGGGACTAGGGAACTACGAGCAGTACTTC,14,SRR2905714,TRB
634,CSARDRGGCYEQYF,1.0,1.6139705288981422e-05,TRBV20-1,Unknown,TRBJ2-7,TGCAGTGCTAGAGATCGAGGCGGATGCTACGAGCAGTACTTC,14,SRR2905714,TRB
632,CSARDMLLGHLTGELFF,1.0,1.6139705288981422e-05,TRBV20-1,TRBD1,TRBJ2-2,TGCAGTGCTAGAGATATGTTACTGGGACATCTCACCGGGGAGCTGTTTTTT,17,SRR2905714,TRB
629,CSAPRAGGNNEQFF,1.0,1.6139705288981422e-05,TRBV20-1,TRBD2,TRBJ2-1,TGCAGTGCCCCCCGGGCGGGAGGTAACAATGAGCAGTTCTTC,14,SRR2905714,TRB
628,CSAPISGVYYNEQFF,1.0,1.6139705288981422e-05,TRBV20-1,TRBD2,TRBJ2-1,TGCAGTGCCCCAATTAGCGGGGTTTATTACAATGAGCAGTTCTTC,15,SRR2905714,TRB
626,CSALSGYNEQFF,1.0,1.6139705288981422e-05,TRBV20-1,Unknown,TRBJ2-1,TGCAGTGCTCTTTCTGGCTACAATGAGCAGTTCTTC,12,SRR2905714,TRB
611,CAWSARGPYEQYF,1.0,1.6139705288981422e-05,TRBV30,Unknown,TRBJ2-7,TGTGCCTGGAGTGCGCGAGGCCCCTACGAGCAGTACTTC,13,SRR2905714,TRB
625,CSALRSYEQYF,1.0,1.6139705288981422e-05,TRBV20-1,Unknown,TRBJ2-7,TGCAGTGCTCTCCGGTCCTACGAGCAGTACTTC,11,SRR2905714,TRB
623,CSALGTGSYEQYF,1.0,1.6139705288981422e-05,TRBV20-1,TRBD1,TRBJ2-7,TGCAGTGCGCTCGGGACAGGGTCCTACGAGCAGTACTTC,13,SRR2905714,TRB
619,CSAIGDAYEQYF,1.0,1.6139705288981422e-05,TRBV20-1,TRBD1,TRBJ2-7,TGCAGTGCGATCGGGGACGCCTACGAGCAGTACTTC,12,SRR2905714,TRB
618,CSAGGTGGYTF,1.0,1.6139705288981422e-05,TRBV20-1,TRBD2,TRBJ1-2,TGCAGTGCCGGAGGGACTGGTGGCTACACCTTC,11,SRR2905714,TRB
617,CSAEEPGQGAREQYF,1.0,1.6139705288981422e-05,TRBV20-1,TRBD1,TRBJ2-7,TGCAGTGCAGAGGAACCGGGACAGGGTGCGAGAGAGCAGTACTTC,15,SRR2905714,TRB
615,CAWSRLVKSYNEQFF,1.0,1.6139705288981422e-05,TRBV30,TRBD2,TRBJ2-1,TGTGCCTGGAGCAGACTAGTGAAGTCCTACAATGAGCAGTTCTTC,15,SRR2905714,TRB
613,CAWSITLNEQFF,1.0,1.6139705288981422e-05,TRBV30,Unknown,TRBJ2-1,TGTGCCTGGAGTATAACTCTAAATGAGCAGTTCTTC,12,SRR2905714,TRB
0,CAAGTSKQTQYF,1.0,1.6139705288981422e-05,TRBV12-3,TRBD2,TRBJ2-5,TGTGCCGCCGGGACTAGCAAACAGACCCAGTACTTC,12,SRR2905714,TRB
339,CASSPGGRGYEQYF,1.0,1.6139705288981422e-05,TRBV12-3,TRBD1,TRBJ2-7,TGTGCCAGCAGTCCCGGGGGCAGGGGCTACGAGCAGTACTTC,14,SRR2905714,TRB
508,CASSVEGFGETQYF,1.0,1.6139705288981422e-05,TRBV9,Unknown,TRBJ2-5,TGTGCCAGCAGCGTAGAGGGTTTCGGAGAGACCCAGTACTTC,14,SRR2905714,TRB
151,CASSHRDYTDTQYF,1.0,1.6139705288981422e-05,TRBV18,Unknown,TRBJ2-3,TGTGCCAGCAGCCACCGGGACTACACAGATACGCAGTATTTT,14,SRR2905714,TRB
163,CASSIPSDQPQHF,1.0,1.6139705288981422e-05,TRBV19,Unknown,TRBJ1-5,TGTGCCAGTAGTATCCCTTCGGATCAGCCCCAGCATTTT,13,SRR2905714,TRB
162,CASSILRGYEQYF,1.0,1.6139705288981422e-05,TRBV6-5,Unknown,TRBJ2-7,TGTGCCAGCAGTATCCTTCGGGGCTACGAGCAGTACTTC,13,SRR2905714,TRB
161,CASSIEASGTGELLF,1.0,1.6139705288981422e-05,TRBV19,TRBD2,TRBJ2-2,TGTGCCAGTAGTATAGAGGCCAGCGGCACCGGGGAGCTGCTTTTT,15,SRR2905714,TRB
159,CASSIDTRQGWNEQFF,1.0,1.6139705288981422e-05,TRBV19,TRBD1,TRBJ2-1,TGTGCCAGTAGTATAGATACCAGACAGGGGTGGAATGAGCAGTTCTTC,16,SRR2905714,TRB
158,CASSIDRNEQFF,1.0,1.6139705288981422e-05,TRBV19,Unknown,TRBJ2-1,TGTGCCAGTAGTATAGATCGCAATGAGCAGTTCTTC,12,SRR2905714,TRB
157,CASSIDLLSRNTEAFF,1.0,1.6139705288981422e-05,TRBV19,Unknown,TRBJ1-1,TGTGCCAGTAGTATAGACCTCCTTTCAAGGAACACTGAAGCTTTCTTT,16,SRR2905714,TRB
154,CASSHTSTVTDTQYF,1.0,1.6139705288981422e-05,TRBV3-1,TRBD2,TRBJ2-3,TGTGCCAGCAGCCACACTAGCACGGTCACAGATACGCAGTATTTT,15,SRR2905714,TRB
152,CASSHSPETQYF,1.0,1.6139705288981422e-05,TRBV3-1,Unknown,TRBJ2-5,TGTGCCAGCAGCCATTCCCCAGAGACCCAGTACTTC,12,SRR2905714,TRB
150,CASSHPRAGDYEQYF,1.0,1.6139705288981422e-05,TRBV27,TRBD2,TRBJ2-7,TGTGCCAGCAGTCACCCAAGAGCGGGAGATTACGAGCAGTACTTC,15,SRR2905714,TRB
247,CASSLGTGELFF,1.0,1.6139705288981422e-05,TRBV5-1,Unknown,TRBJ2-2,TGCGCCAGCAGCTTAGGAACCGGGGAGCTGTTTTTT,12,SRR2905714,TRB
149,CASSHAGTHNEQFF,1.0,1.6139705288981422e-05,TRBV7-9,Unknown,TRBJ2-1,TGTGCCAGCAGCCACGCTGGAACCCACAATGAGCAGTTCTTC,14,SRR2905714,TRB
147,CASSGTSGPYEQYF,1.0,1.6139705288981422e-05,TRBV18,TRBD2,TRBJ2-7,TGTGCCAGCTCAGGGACTAGCGGTCCCTACGAGCAGTACTTC,14,SRR2905714,TRB
146,CASSGTLAYNEQFF,1.0,1.6139705288981422e-05,TRBV7-8,TRBD2,TRBJ2-1,TGTGCCAGCAGCGGGACTCTAGCCTACAATGAGCAGTTCTTC,14,SRR2905714,TRB
140,CASSFTGGYEQYF,1.0,1.6139705288981422e-05,TRBV5-4,TRBD1,TRBJ2-7,TGTGCCAGCAGCTTTACAGGGGGGTACGAGCAGTACTTC,13,SRR2905714,TRB
132,CASSFRGAKNIQYF,1.0,1.6139705288981422e-05,TRBV12-3,TRBD1,TRBJ2-4,TGTGCCAGCAGTTTTCGGGGCGCCAAAAACATTCAGTACTTC,14,SRR2905714,TRB
131,CASSFRDRPYEQYF,1.0,1.6139705288981422e-05,TRBV11-3,TRBD1,TRBJ2-7,TGTGCCAGCAGCTTCCGGGACAGACCCTACGAGCAGTACTTC,14,SRR2905714,TRB
130,CASSFRDNGYEQYF,1.0,1.6139705288981422e-05,TRBV7-8,TRBD1,TRBJ2-7,TGTGCCAGCAGCTTTCGGGACAACGGCTACGAGCAGTACTTC,14,SRR2905714,TRB
129,CASSFRAGDIGADTQYF,1.0,1.6139705288981422e-05,TRBV12-3,TRBD2,TRBJ2-3,TGTGCCAGCAGTTTCCGAGCGGGAGATATTGGAGCAGATACGCAGTATTTT,17,SRR2905714,TRB
168,CASSKRTDMNTEAFF,1.0,1.6139705288981422e-05,TRBV11-3,Unknown,TRBJ1-1,TGTGCCAGCAGCAAAAGGACGGACATGAACACTGAAGCTTTCTTT,15,SRR2905714,TRB
173,CASSLAIANTEAFF,1.0,1.6139705288981422e-05,TRBV7-2,Unknown,TRBJ1-1,TGTGCCAGCAGCTTAGCGATTGCGAACACTGAAGCTTTCTTT,14,SRR2905714,TRB
175,CASSLALNLQFF,1.0,1.6139705288981422e-05,TRBV12-3,Unknown,TRBJ2-1,TGTGCCAGCAGTTTAGCGTTGAATTTACAGTTCTTC,12,SRR2905714,TRB
177,CASSLARGADTQYF,1.0,1.6139705288981422e-05,TRBV9,Unknown,TRBJ2-3,TGTGCCAGCAGCCTAGCGAGAGGAGCAGATACGCAGTATTTT,14,SRR2905714,TRB
245,CASSLGTGAADTQYF,1.0,1.6139705288981422e-05,TRBV6-5,TRBD1,TRBJ2-3,TGTGCCAGCAGTTTGGGAACGGGGGCCGCAGATACGCAGTATTTT,15,SRR2905714,TRB
244,CASSLGTDNEQFF,1.0,1.6139705288981422e-05,TRBV7-6,Unknown,TRBJ2-1,TGTGCCAGCAGCTTAGGAACGGACAATGAGCAGTTCTTC,13,SRR2905714,TRB
237,CASSLGRSYEQYF,1.0,1.6139705288981422e-05,TRBV12-4,Unknown,TRBJ2-7,TGTGCCAGCAGTTTGGGCAGATCCTACGAGCAGTACTTC,13,SRR2905714,TRB
232,CASSLGQGPSYKQYF,1.0,1.6139705288981422e-05,TRBV12-3,TRBD1,TRBJ2-7,TGTGCCAGCAGTTTGGGACAGGGACCCTCCTACAAGCAGTACTTC,15,SRR2905714,TRB
228,CASSLGLVGGSPDTQYF,1.0,1.6139705288981422e-05,TRBV5-4,TRBD2,TRBJ2-3,TGTGCCAGCAGCTTAGGACTAGTGGGAGGGAGCCCAGATACGCAGTATTTT,17,SRR2905714,TRB
227,CASSLGLGEQFF,1.0,1.6139705288981422e-05,TRBV5-6,Unknown,TRBJ2-1,TGTGCCAGCAGCTTGGGGTTGGGTGAGCAGTTCTTC,12,SRR2905714,TRB
222,CASSLGKGTSGRNEQFF,1.0,1.6139705288981422e-05,TRBV11-2,TRBD2,TRBJ2-1,TGTGCCAGCAGCTTAGGGAAGGGGACTAGCGGCCGCAATGAGCAGTTCTTC,17,SRR2905714,TRB
220,CASSLGGPSSYNEQFF,1.0,1.6139705288981422e-05,TRBV7-6,TRBD1,TRBJ2-1,TGTGCCAGCAGCTTAGGGGGACCCAGCTCCTACAATGAGCAGTTCTTC,16,SRR2905714,TRB
218,CASSLGGARQETQYF,1.0,1.6139705288981422e-05,TRBV7-2,TRBD1,TRBJ2-5,TGTGCCAGCAGCTTAGGGGGCGCACGCCAAGAGACCCAGTACTTC,15,SRR2905714,TRB
215,CASSLGATAPYEQYF,1.0,1.6139705288981422e-05,TRBV7-9,Unknown,TRBJ2-7,TGTGCCAGCAGCTTAGGGGCTACCGCACCCTACGAGCAGTACTTC,15,SRR2905714,TRB
209,CASSLELGGEQYF,1.0,1.6139705288981422e-05,TRBV5-1,TRBD1,TRBJ2-7,TGCGCCAGCAGCTTGGAGCTGGGGGGCGAGCAGTACTTC,13,SRR2905714,TRB
202,CASSLEGRPATHF,1.0,1.6139705288981422e-05,TRBV7-2,TRBD2,TRBJ2-7,TGTGCCAGCAGCTTAGAGGGCCGACCAGCTACCCACTTC,13,SRR2905714,TRB
198,CASSLEGGDEAFF,1.0,1.6139705288981422e-05,TRBV7-6,Unknown,TRBJ1-1,TGTGCCAGCAGCTTAGAGGGTGGGGATGAAGCTTTCTTT,13,SRR2905714,TRB
197,CASSLEGFTYEQYF,1.0,1.6139705288981422e-05,TRBV5-1,Unknown,TRBJ2-7,TGCGCCAGCAGCTTGGAGGGATTTACCTACGAGCAGTACTTC,14,SRR2905714,TRB
188,CASSLDRGTGVYEQYF,1.0,1.6139705288981422e-05,TRBV11-3,TRBD1,TRBJ2-7,TGTGCCAGCAGCTTAGATAGGGGGACAGGGGTCTACGAGCAGTACTTC,16,SRR2905714,TRB
182,CASSLDGYEQYF,1.0,1.6139705288981422e-05,TRBV5-1,Unknown,TRBJ2-7,TGCGCCAGCAGCTTGGACGGGTACGAGCAGTACTTC,12,SRR2905714,TRB
179,CASSLATRQPYEQYF,1.0,1.6139705288981422e-05,TRBV5-1,Unknown,TRBJ2-7,TGCGCCAGCAGCTTGGCAACGCGACAACCCTACGAGCAGTACTTC,15,SRR2905714,TRB
121,CASSFLRLSLFGEQFF,1.0,1.6139705288981422e-05,TRBV12-3,Unknown,TRBJ2-1,TGTGCCAGCAGTTTTTTAAGGCTAAGCCTCTTTGGTGAGCAGTTCTTC,16,SRR2905714,TRB
115,CASSFGEQYF,1.0,1.6139705288981422e-05,TRBV5-5,Unknown,TRBJ2-7,TGTGCCAGCAGCTTTGGCGAGCAGTACTTC,10,SRR2905714,TRB
113,CASSFCQGGRNAEAFF,1.0,1.6139705288981422e-05,TRBV7-4,TRBD1,TRBJ1-1,TGTGCCAGCAGCTTTTGCCAGGGTGGACGAAACGCTGAAGCTTTCTTT,16,SRR2905714,TRB
59,CASRGRLPYF,1.0,1.6139705288981422e-05,TRBV21-1,Unknown,TRBJ2-7,TGTGCCAGCAGAGGTCGCTTACCGTACTTC,10,SRR2905714,TRB
52,CASRAGTGPEAFF,1.0,1.6139705288981422e-05,TRBV12-3,TRBD1,TRBJ1-1,TGTGCCAGCAGGGCCGGGACAGGCCCTGAAGCTTTCTTT,13,SRR2905714,TRB
51,CASQVGQGNEKLFF,1.0,1.6139705288981422e-05,TRBV10-3,TRBD1,TRBJ1-4,TGTGCCTCCCAAGTGGGACAGGGGAACGAAAAACTGTTTTTT,14,SRR2905714,TRB
50,CASQQRMDTIQYF,1.0,1.6139705288981422e-05,TRBV5-1,Unknown,TRBJ2-4,TGCGCCAGCCAACAAAGGATGGATACTATTCAGTACTTC,13,SRR2905714,TRB
48,CASNWATDYNEQFF,1.0,1.6139705288981422e-05,TRBV6-6,TRBD1,TRBJ2-1,TGTGCCAGCAATTGGGCGACAGATTACAATGAGCAGTTCTTC,14,SRR2905714,TRB
46,CASNLGLMNAGELCF,1.0,1.6139705288981422e-05,TRBV5-6,TRBD2,TRBJ2-2,TGTGCCAGCAACCTAGGACTAATGAACGCCGGGGAGCTGTGTTTT,15,SRR2905714,TRB
45,CASNEGNEQYF,1.0,1.6139705288981422e-05,TRBV27,TRBD1,TRBJ2-7,TGTGCCAGCAACGAGGGGAACGAGCAGTACTTC,11,SRR2905714,TRB
41,CASLQSLIYNEQFF,1.0,1.6139705288981422e-05,TRBV28,TRBD2,TRBJ2-1,TGTGCCAGTTTACAGTCCTTGATTTACAATGAGCAGTTCTTC,14,SRR2905714,TRB
37,CASIQGSGEQYF,1.0,1.6139705288981422e-05,TRBV7-9,TRBD1,TRBJ2-7,TGTGCCAGCATTCAGGGATCGGGCGAGCAGTACTTC,12,SRR2905714,TRB
35,CASIKRTTSDNEQFF,1.0,1.6139705288981422e-05,TRBV12-3,TRBD2,TRBJ2-1,TGTGCCAGCATTAAAAGGACTACTTCGGACAATGAGCAGTTCTTC,15,SRR2905714,TRB
24,CASGAEAFF,1.0,1.6139705288981422e-05,TRBV12-4,TRBD1,TRBJ1-1,TGTGCCAGCGGGGCGGAAGCTTTCTTT,9,SRR2905714,TRB
22,CASEVGFDQPQHF,1.0,1.6139705288981422e-05,TRBV28,Unknown,TRBJ1-5,TGTGCCAGCGAGGTAGGGTTCGATCAGCCCCAGCATTTT,13,SRR2905714,TRB
21,CASAIGSGRYEQYF,1.0,1.6139705288981422e-05,TRBV9,TRBD2,TRBJ2-7,TGTGCCAGCGCCATCGGGAGCGGTCGATACGAGCAGTACTTC,14,SRR2905714,TRB
20,CASAFSYEQYF,1.0,1.6139705288981422e-05,TRBV12-4,Unknown,TRBJ2-7,TGTGCCAGCGCTTTCTCCTACGAGCAGTACTTC,11,SRR2905714,TRB
15,CAITAHKNTGELFF,1.0,1.6139705288981422e-05,TRBV10-3,Unknown,TRBJ2-2,TGTGCCATCACAGCACACAAGAACACCGGGGAGCTGTTTTTT,14,SRR2905714,TRB
10,CAISENPGAQPQHF,1.0,1.6139705288981422e-05,TRBV10-3,TRBD1,TRBJ1-5,TGTGCCATCAGTGAGAATCCAGGGGCTCAGCCCCAGCATTTT,14,SRR2905714,TRB
4,CAGSDGENTEAFF,1.0,1.6139705288981422e-05,TRBV6-4,Unknown,TRBJ1-1,TGTGCCGGCAGTGATGGGGAGAACACTGAAGCTTTCTTT,13,SRR2905714,TRB
3,CAGGWDWSPTDTQYF,1.0,1.6139705288981422e-05,TRBV12-3,TRBD2,TRBJ2-3,TGTGCCGGTGGGTGGGACTGGTCTCCCACAGATACGCAGTATTTT,15,SRR2905714,TRB
53,CASRDRASTDTQYF,1.0,1.6139705288981422e-05,TRBV12-2,TRBD1,TRBJ2-3,TGTGCAAGCCGGGACAGGGCTAGCACAGATACGCAGTATTTT,14,SRR2905714,TRB
62,CASRIGTEQYF,1.0,1.6139705288981422e-05,TRBV4-1,TRBD1,TRBJ2-7,TGCGCCAGTAGAATCGGGACCGAGCAGTACTTC,11,SRR2905714,TRB
112,CASSFARLEETQYF,1.0,1.6139705288981422e-05,TRBV5-6,Unknown,TRBJ2-5,TGTGCCAGCAGCTTTGCCCGGTTAGAAGAGACCCAGTACTTC,14,SRR2905714,TRB
66,CASRLQSGELFF,1.0,1.6139705288981422e-05,TRBV28,Unknown,TRBJ2-2,TGTGCCAGCAGACTACAGAGCGGGGAGCTGTTTTTT,12,SRR2905714,TRB
111,CASSEYGTSGTLTDTQYF,1.0,1.6139705288981422e-05,TRBV25-1,TRBD2,TRBJ2-3,TGTGCCAGCAGTGAATACGGGACTAGCGGGACCCTAACAGATACGCAGTATTTT,18,SRR2905714,TRB
109,CASSEVTGNHDYGYSF,1.0,1.6139705288981422e-05,TRBV10-2,TRBD1,TRBJ1-2,TGCGCCAGCAGTGAGGTAACAGGGAATCACGACTATGGCTACTCCTTC,16,SRR2905714,TRB
106,CASSESVLMGIDTQYF,1.0,1.6139705288981422e-05,TRBV6-1,Unknown,TRBJ2-3,TGTGCCAGCAGTGAATCCGTCCTGATGGGGATAGATACGCAGTATTTT,16,SRR2905714,TRB
105,CASSESGEGERDEQYF,1.0,1.6139705288981422e-05,TRBV10-1,TRBD2,TRBJ2-7,TGCGCCAGCAGTGAGTCAGGAGAGGGCGAGAGGGACGAGCAGTACTTC,16,SRR2905714,TRB
102,CASSEPTPGEQFF,1.0,1.6139705288981422e-05,TRBV10-2,Unknown,TRBJ2-1,TGCGCCAGCAGTGAGCCGACTCCGGGGGAGCAGTTCTTC,13,SRR2905714,TRB
98,CASSDSRTATYEQYF,1.0,1.6139705288981422e-05,TRBV6-1,TRBD1,TRBJ2-7,TGTGCCAGCAGTGACTCCCGGACAGCAACCTACGAGCAGTACTTC,15,SRR2905714,TRB
94,CASSDLAGGKRTGELFF,1.0,1.6139705288981422e-05,TRBV6-4,TRBD1,TRBJ2-2,TGTGCCAGCAGTGACTTGGCCGGGGGCAAAAGGACCGGGGAGCTGTTTTTT,17,SRR2905714,TRB
92,CASSDELMSEQYF,1.0,1.6139705288981422e-05,TRBV2,Unknown,TRBJ2-7,TGTGCCAGCAGCGACGAGTTGATGAGCGAGCAGTACTTC,13,SRR2905714,TRB
91,CASSATSASSYEQYF,1.0,1.6139705288981422e-05,TRBV18,TRBD2,TRBJ2-7,TGTGCCAGCTCAGCTACTAGCGCTAGCTCCTACGAGCAGTACTTC,15,SRR2905714,TRB
87,CASSARDAEQFF,1.0,1.6139705288981422e-05,TRBV13,TRBD1,TRBJ2-1,TGTGCCAGCAGCGCCCGGGACGCCGAGCAGTTCTTC,12,SRR2905714,TRB
86,CASSAPGGGEQFF,1.0,1.6139705288981422e-05,TRBV10-2,TRBD1,TRBJ2-1,TGCGCCAGCAGTGCCCCCGGGGGTGGTGAGCAGTTCTTC,13,SRR2905714,TRB
85,CASSAGTGGGADTQYF,1.0,1.6139705288981422e-05,TRBV5-1,TRBD1,TRBJ2-3,TGCGCCAGCAGCGCCGGGACAGGGGGTGGCGCAGATACGCAGTATTTT,16,SRR2905714,TRB
84,CASSAGTGELFF,1.0,1.6139705288981422e-05,TRBV5-6,TRBD2,TRBJ2-2,TGTGCCAGCAGCGCGGGAACCGGGGAGCTGTTTTTT,12,SRR2905714,TRB
82,CASSAGAEAFF,1.0,1.6139705288981422e-05,TRBV11-2,TRBD1,TRBJ1-1,TGTGCCAGCAGCGCGGGGGCTGAAGCTTTCTTT,11,SRR2905714,TRB
78,CASRTSGSAKNIQYF,1.0,1.6139705288981422e-05,TRBV19,TRBD2,TRBJ2-4,TGTGCCAGTAGAACCAGCGGGAGCGCCAAAAACATTCAGTACTTC,15,SRR2905714,TRB
73,CASRQEVDEQFF,1.0,1.6139705288981422e-05,TRBV27,TRBD1,TRBJ2-1,TGTGCCAGCAGACAGGAAGTAGATGAGCAGTTCTTC,12,SRR2905714,TRB
69,CASRPRGNTEAFF,1.0,1.6139705288981422e-05,TRBV11-2,TRBD1,TRBJ1-1,TGTGCCAGCAGACCCAGGGGGAACACTGAAGCTTTCTTT,13,SRR2905714,TRB
246,CASSLGTGAYEQYF,1.0,1.6139705288981422e-05,TRBV5-6,TRBD1,TRBJ2-7,TGTGCCAGCAGCCTCGGGACAGGGGCCTACGAGCAGTACTTC,14,SRR2905714,TRB
249,CASSLGVTGGAEQFF,1.0,1.6139705288981422e-05,TRBV7-3,TRBD1,TRBJ2-1,TGTGCCAGCAGCTTAGGAGTGACAGGGGGGGCTGAGCAGTTCTTC,15,SRR2905714,TRB
504,CASSVAVQREFPDTQYF,1.0,1.6139705288981422e-05,TRBV9,TRBD2,TRBJ2-3,TGTGCCAGCAGCGTAGCTGTCCAGCGGGAGTTCCCAGATACGCAGTATTTT,17,SRR2905714,TRB
418,CASSQTSSEQYF,1.0,1.6139705288981422e-05,TRBV3-1,Unknown,TRBJ2-7,TGTGCCAGCAGCCAAACGAGTAGCGAGCAGTACTTC,12,SRR2905714,TRB
435,CASSRLTGQETQYF,1.0,1.6139705288981422e-05,TRBV5-1,TRBD1,TRBJ2-5,TGCGCCAGCAGTCGCTTGACAGGGCAAGAGACCCAGTACTTC,14,SRR2905714,TRB
430,CASSRGPDTQYF,1.0,1.6139705288981422e-05,TRBV19,TRBD1,TRBJ2-3,TGTGCCAGTAGCAGGGGTCCAGATACGCAGTATTTT,12,SRR2905714,TRB
428,CASSRGLAGLQETQYF,1.0,1.6139705288981422e-05,TRBV13,TRBD2,TRBJ2-5,TGTGCCAGCAGCCGAGGGCTAGCGGGTTTACAAGAGACCCAGTACTTC,16,SRR2905714,TRB
426,CASSRDRDTGELFF,1.0,1.6139705288981422e-05,TRBV7-3,TRBD1,TRBJ2-2,TGTGCCAGCAGCCGGGACAGGGACACCGGGGAGCTGTTTTTT,14,SRR2905714,TRB
424,CASSQVQGSYEQYF,1.0,1.6139705288981422e-05,TRBV4-2,TRBD1,TRBJ2-7,TGTGCCAGCAGCCAAGTTCAGGGGTCCTACGAGCAGTACTTC,14,SRR2905714,TRB
423,CASSQVLQGGNTIYF,1.0,1.6139705288981422e-05,TRBV4-1,Unknown,TRBJ1-3,TGCGCCAGCAGCCAGGTTCTCCAAGGGGGAAACACCATATATTTT,15,SRR2905714,TRB
421,CASSQVLAGNYEQYF,1.0,1.6139705288981422e-05,TRBV4-1,TRBD2,TRBJ2-7,TGCGCCAGCAGCCAAGTACTAGCGGGTAACTACGAGCAGTACTTC,15,SRR2905714,TRB
419,CASSQVFEGEPNTGELFF,1.0,1.6139705288981422e-05,TRBV4-3,Unknown,TRBJ2-2,TGCGCCAGCAGCCAAGTCTTTGAAGGCGAACCGAACACCGGGGAGCTGTTTTTT,18,SRR2905714,TRB
413,CASSQPGTREWNEQFF,1.0,1.6139705288981422e-05,TRBV4-1,TRBD2,TRBJ2-1,TGCGCCAGCAGCCAGCCTGGGACTAGAGAATGGAATGAGCAGTTCTTC,16,SRR2905714,TRB
252,CASSLHYEQYF,1.0,1.6139705288981422e-05,TRBV28,Unknown,TRBJ2-7,TGTGCCAGCAGTTTGCACTACGAGCAGTACTTC,11,SRR2905714,TRB
410,CASSQLGETQYF,1.0,1.6139705288981422e-05,TRBV7-6,Unknown,TRBJ2-5,TGTGCCAGCAGCCAATTGGGGGAGACCCAGTACTTC,12,SRR2905714,TRB
409,CASSQKIVGWDTQYF,1.0,1.6139705288981422e-05,TRBV14,TRBD2,TRBJ2-3,TGTGCCAGCAGCCAAAAAATAGTGGGATGGGATACGCAGTATTTT,15,SRR2905714,TRB
403,CASSQGGVTEAFF,1.0,1.6139705288981422e-05,TRBV5-1,TRBD1,TRBJ1-1,TGCGCCAGCAGCCAAGGGGGCGTGACTGAAGCTTTCTTT,13,SRR2905714,TRB
402,CASSQGGLSYNEQFF,1.0,1.6139705288981422e-05,TRBV4-1,TRBD2,TRBJ2-1,TGCGCCAGCAGCCAAGGCGGACTAAGCTACAATGAGCAGTTCTTC,15,SRR2905714,TRB
397,CASSQDVASQATQYF,1.0,1.6139705288981422e-05,TRBV4-1,Unknown,TRBJ2-3,TGCGCCAGCAGCCAAGATGTCGCCTCTCAAGCTACGCAGTATTTT,15,SRR2905714,TRB
395,CASSQDRTDTSNYEQYF,1.0,1.6139705288981422e-05,TRBV4-3,Unknown,TRBJ2-7,TGCGCCAGCAGCCAAGATCGGACCGACACAAGTAACTACGAGCAGTACTTC,17,SRR2905714,TRB
392,CASSQDRGLLYEQYF,1.0,1.6139705288981422e-05,TRBV4-3,TRBD1,TRBJ2-7,TGCGCCAGCAGCCAAGACAGGGGACTTTTATACGAGCAGTACTTC,15,SRR2905714,TRB
387,CASSQDLLAGRNEQFF,1.0,1.6139705288981422e-05,TRBV4-1,TRBD2,TRBJ2-1,TGCGCCAGCAGCCAAGATCTTCTAGCGGGAAGGAATGAGCAGTTCTTC,16,SRR2905714,TRB
437,CASSRQGGYNEQFF,1.0,1.6139705288981422e-05,TRBV7-6,TRBD1,TRBJ2-1,TGTGCCAGCAGCCGACAGGGTGGATACAATGAGCAGTTCTTC,14,SRR2905714,TRB
441,CASSRRVQENSPLHC,1.0,1.6139705288981422e-05,TRBV5-1,TRBD1,TRBJ1-6,TGCGCCAGCAGCCGCCGGGTTCAGGAAAATTCACCCCTCCACTGT,15,SRR2905714,TRB
444,CASSRSVDTGELFF,1.0,1.6139705288981422e-05,TRBV4-1,Unknown,TRBJ2-2,TGCGCCAGCAGCCGATCCGTCGACACCGGGGAGCTGTTTTTT,14,SRR2905714,TRB
446,CASSRWVQENSPLHF,1.0,1.6139705288981422e-05,TRBV5-1,Unknown,TRBJ1-6,TGCGCCAGCAGCCGCTGGGTTCAGGAAAATTCACCCCTCCACTTT,15,SRR2905714,TRB
502,CASSTTSGRSGELFF,1.0,1.6139705288981422e-05,TRBV7-8,TRBD2,TRBJ2-2,TGTGCCAGCAGCACAACTAGCGGGAGATCCGGGGAGCTGTTTTTT,15,SRR2905714,TRB
499,CASSTRTDYYEQYL,1.0,1.6139705288981422e-05,TRBV7-9,TRBD2,TRBJ2-7,TGTGCCAGCAGTACTAGGACTGATTACTACGAGCAGTACCTC,14,SRR2905714,TRB
497,CASSTLAGVRDEQFF,1.0,1.6139705288981422e-05,TRBV7-7,TRBD2,TRBJ2-1,TGTGCCAGCAGCACACTAGCGGGAGTTAGGGATGAGCAGTTCTTC,15,SRR2905714,TRB
495,CASSTGLPGELFF,1.0,1.6139705288981422e-05,TRBV6-2,TRBD1,TRBJ2-2,TGTGCCAGCAGCACAGGGCTTCCCGGGGAGCTGTTTTTT,13,SRR2905714,TRB
489,CASSSTTSGFGSGANVLTF,1.0,1.6139705288981422e-05,TRBV28,TRBD2,TRBJ2-6,TGTGCCAGCAGTTCCACGACTAGCGGGTTTGGCTCTGGGGCCAACGTCCTGACTTTC,19,SRR2905714,TRB
487,CASSSTLPGYEQFF,1.0,1.6139705288981422e-05,TRBV11-3,TRBD2,TRBJ2-1,TGTGCCAGCAGCTCTACACTCCCGGGCTACGAGCAGTTCTTC,14,SRR2905714,TRB
486,CASSSSYEQYF,1.0,1.6139705288981422e-05,TRBV7-9,Unknown,TRBJ2-7,TGTGCCAGCAGCAGTAGCTACGAGCAGTACTTC,11,SRR2905714,TRB
481,CASSSSPGQVFLDSGTNVLTF,1.0,1.6139705288981422e-05,TRBV28,TRBD1,TRBJ2-6,TGTGCCAGCAGCAGTTCGCCGGGACAGGTTTTCCTAGACTCTGGGACCAACGTCCTGACTTTC,21,SRR2905714,TRB
476,CASSSRTGPADNEQFF,1.0,1.6139705288981422e-05,TRBV7-3,Unknown,TRBJ2-1,TGTGCCAGCAGCTCCCGAACCGGACCGGCTGACAATGAGCAGTTCTTC,16,SRR2905714,TRB
474,CASSSREGRNEQLF,1.0,1.6139705288981422e-05,TRBV5-1,TRBD2,TRBJ2-1,TGCGCCAGCAGCTCGAGGGAGGGAAGGAATGAGCAGCTCTTC,14,SRR2905714,TRB
471,CASSSPGRRNEQFF,1.0,1.6139705288981422e-05,TRBV19,TRBD1,TRBJ2-1,TGTGCCAGTAGTTCTCCGGGACGGAGAAATGAGCAGTTCTTC,14,SRR2905714,TRB
469,CASSSPGRGNIQYF,1.0,1.6139705288981422e-05,TRBV11-2,TRBD1,TRBJ2-4,TGTGCCAGCAGCTCGCCCGGCCGGGGAAACATTCAGTACTTC,14,SRR2905714,TRB
466,CASSSLTIISTDTQYF,1.0,1.6139705288981422e-05,TRBV28,Unknown,TRBJ2-3,TGTGCCAGCAGTTCGTTGACGATTATTAGCACAGATACGCAGTATTTT,16,SRR2905714,TRB
465,CASSSKGAGELFF,1.0,1.6139705288981422e-05,TRBV28,Unknown,TRBJ2-2,TGTGCCAGCAGTTCCAAGGGTGCCGGGGAGCTGTTTTTT,13,SRR2905714,TRB
464,CASSSKAEQYF,1.0,1.6139705288981422e-05,TRBV11-3,Unknown,TRBJ2-7,TGTGCCAGCAGCTCCAAGGCCGAGCAGTACTTC,11,SRR2905714,TRB
452,CASSSERELFF,1.0,1.6139705288981422e-05,TRBV5-1,Unknown,TRBJ2-2,TGCGCCAGCAGCTCGGAGAGGGAGCTGTTTTTT,11,SRR2905714,TRB
449,CASSSDRGGEQYF,1.0,1.6139705288981422e-05,TRBV7-7,TRBD1,TRBJ2-7,TGTGCTAGCAGCTCGGACAGGGGTGGCGAGCAGTACTTC,13,SRR2905714,TRB
384,CASSQDGTSGTTDTQYF,1.0,1.6139705288981422e-05,TRBV4-2,TRBD2,TRBJ2-3,TGTGCCAGCAGCCAAGATGGGACTAGCGGGACCACAGATACGCAGTATTTT,17,SRR2905714,TRB
382,CASSQAGGEDTGELFF,1.0,1.6139705288981422e-05,TRBV4-1,TRBD2,TRBJ2-2,TGCGCCAGCAGCCAAGCAGGCGGGGAGGACACCGGGGAGCTGTTTTTT,16,SRR2905714,TRB
378,CASSPTSGARDNEQFF,1.0,1.6139705288981422e-05,TRBV5-1,TRBD1,TRBJ2-1,TGCGCCAGCAGCCCAACAAGTGGGGCGCGGGACAATGAGCAGTTCTTC,16,SRR2905714,TRB
322,CASSLYLGRRNTGELFF,1.0,1.6139705288981422e-05,TRBV7-3,Unknown,TRBJ2-2,TGTGCCAGCAGCTTATACCTTGGCAGGAGGAACACCGGGGAGCTGTTTTTT,17,SRR2905714,TRB
315,CASSLVTGLDSYEQYF,1.0,1.6139705288981422e-05,TRBV7-9,Unknown,TRBJ2-7,TGTGCCAGCAGCTTAGTTACGGGGTTGGATTCGTACGAGCAGTACTTC,16,SRR2905714,TRB
312,CASSLVREDNGQFF,1.0,1.6139705288981422e-05,TRBV7-6,TRBD2,TRBJ2-1,TGTGCCAGCAGCTTAGTTCGGGAGGACAATGGGCAGTTCTTC,14,SRR2905714,TRB
310,CASSLVQNTGELFF,1.0,1.6139705288981422e-05,TRBV5-1,Unknown,TRBJ2-2,TGCGCCAGCAGCTTGGTACAGAACACCGGGGAGCTGTTTTTT,14,SRR2905714,TRB
309,CASSLVPTFYF,1.0,1.6139705288981422e-05,TRBV7-2,Unknown,TRBJ2-5,TGTGCCAGCAGCTTAGTTCCGACATTCTACTTC,11,SRR2905714,TRB
306,CASSLVLHHTDAQYF,1.0,1.6139705288981422e-05,TRBV7-6,Unknown,TRBJ2-3,TGTGCCAGCAGCTTAGTGTTACACCACACAGATGCGCAGTATTTT,15,SRR2905714,TRB
305,CASSLVGPSGSHEQFF,1.0,1.6139705288981422e-05,TRBV11-3,TRBD2,TRBJ2-1,TGTGCCAGCAGCTTAGTTGGGCCTAGCGGGAGCCATGAGCAGTTCTTC,16,SRR2905714,TRB
300,CASSLTSGFKNEQFF,1.0,1.6139705288981422e-05,TRBV7-3,TRBD2,TRBJ2-1,TGTGCCAGCAGCTTGACTAGCGGGTTCAAAAATGAGCAGTTCTTC,15,SRR2905714,TRB
297,CASSLTGTGVYEQYF,1.0,1.6139705288981422e-05,TRBV6-5,TRBD1,TRBJ2-7,TGTGCCAGCAGTCTGACCGGGACAGGGGTCTACGAGCAGTACTTC,15,SRR2905714,TRB
296,CASSLTGSGNQETQYF,1.0,1.6139705288981422e-05,TRBV7-3,TRBD2,TRBJ2-5,TGTGCCAGCAGCTTAACCGGTAGCGGAAACCAAGAGACCCAGTACTTC,16,SRR2905714,TRB
292,CASSLSVDTSTDTQYF,1.0,1.6139705288981422e-05,TRBV28,Unknown,TRBJ2-3,TGTGCCAGCAGTTTATCCGTCGACACCAGCACAGATACGCAGTATTTT,16,SRR2905714,TRB
279,CASSLRGLAGGPGNEQFF,1.0,1.6139705288981422e-05,TRBV7-2,TRBD2,TRBJ2-1,TGTGCCAGCAGCCTACGCGGGCTAGCGGGAGGGCCAGGAAATGAGCAGTTCTTC,18,SRR2905714,TRB
274,CASSLRDRRSYEQYF,1.0,1.6139705288981422e-05,TRBV7-3,TRBD1,TRBJ2-7,TGTGCCAGCAGCCTCCGGGACCGCCGCTCCTACGAGCAGTACTTC,15,SRR2905714,TRB
273,CASSLRDRPNEQFF,1.0,1.6139705288981422e-05,TRBV5-1,TRBD1,TRBJ2-1,TGCGCCAGCAGCTTGCGGGACCGACCAAATGAGCAGTTCTTC,14,SRR2905714,TRB
271,CASSLRAFLNEQFF,1.0,1.6139705288981422e-05,TRBV11-2,TRBD2,TRBJ2-1,TGTGCCAGCAGCCTGCGGGCTTTCCTCAATGAGCAGTTCTTC,14,SRR2905714,TRB
266,CASSLPGNSYNEQFF,1.0,1.6139705288981422e-05,TRBV5-1,TRBD1,TRBJ2-1,TGCGCCAGCAGCTTGCCGGGTAACTCCTACAATGAGCAGTTCTTC,15,SRR2905714,TRB
263,CASSLNQQLVQDTQYF,1.0,1.6139705288981422e-05,TRBV5-1,Unknown,TRBJ2-3,TGCGCCAGCAGCTTGAATCAGCAATTGGTTCAAGATACGCAGTATTTT,16,SRR2905714,TRB
256,CASSLKRGVYNEQFF,1.0,1.6139705288981422e-05,TRBV5-1,TRBD2,TRBJ2-1,TGCGCCAGCAGCTTGAAGCGGGGGGTTTACAATGAGCAGTTCTTC,15,SRR2905714,TRB
321,CASSLYLGGGDGQYF,1.0,1.6139705288981422e-05,TRBV12-3,TRBD1,TRBJ2-7,TGTGCCAGCAGTTTATATTTAGGAGGGGGCGACGGGCAGTACTTC,15,SRR2905714,TRB
326,CASSNGWRGEQYF,1.0,1.6139705288981422e-05,TRBV6-2,TRBD2,TRBJ2-7,TGTGCCAGCAGCAACGGCTGGAGGGGCGAGCAGTACTTC,13,SRR2905714,TRB
375,CASSPTGAGEQYF,1.0,1.6139705288981422e-05,TRBV11-2,TRBD1,TRBJ2-7,TGTGCCAGCAGCCCTACAGGTGCCGGCGAGCAGTACTTC,13,SRR2905714,TRB
327,CASSNLAGQNTGELFF,1.0,1.6139705288981422e-05,TRBV7-6,TRBD2,TRBJ2-2,TGTGCCAGCAGCAACCTAGCGGGGCAGAACACCGGGGAGCTGTTTTTT,16,SRR2905714,TRB
374,CASSPSTGLYSNQPQHF,1.0,1.6139705288981422e-05,TRBV6-5,TRBD1,TRBJ1-5,TGTGCCAGCAGTCCATCGACCGGGTTGTATAGCAATCAGCCCCAGCATTTT,17,SRR2905714,TRB
372,CASSPSGSRNQETQYF,1.0,1.6139705288981422e-05,TRBV9,TRBD2,TRBJ2-5,TGTGCCAGCAGCCCTAGCGGGTCCAGGAACCAAGAGACCCAGTACTTC,16,SRR2905714,TRB
368,CASSPRREGRNEQFF,1.0,1.6139705288981422e-05,TRBV7-6,TRBD2,TRBJ2-1,TGTGCCAGCAGCCCTCGGCGGGAGGGCCGCAATGAGCAGTTCTTC,15,SRR2905714,TRB
366,CASSPRGLYEQYF,1.0,1.6139705288981422e-05,TRBV12-4,Unknown,TRBJ2-7,TGTGCCAGCAGTCCGAGAGGTTTGTACGAGCAGTACTTC,13,SRR2905714,TRB
364,CASSPQGSSYNEQFF,1.0,1.6139705288981422e-05,TRBV7-6,TRBD1,TRBJ2-1,TGTGCCAGCAGCCCACAGGGGAGCTCCTACAATGAGCAGTTCTTC,15,SRR2905714,TRB
357,CASSPNLGGSTDTQYF,1.0,1.6139705288981422e-05,TRBV9,TRBD1,TRBJ2-3,TGTGCCAGCAGCCCCAATTTGGGGGGCAGCACAGATACGCAGTATTTT,16,SRR2905714,TRB
354,CASSPLAGVRDEQFV,1.0,1.6139705288981422e-05,TRBV7-7,TRBD2,TRBJ2-1,TGTGCCAGCAGCCCACTAGCGGGAGTTAGGGATGAGCAGTTCGTC,15,SRR2905714,TRB
351,CASSPHNEQFF,1.0,1.6139705288981422e-05,TRBV9,Unknown,TRBJ2-1,TGTGCCAGCAGCCCACACAATGAGCAGTTCTTC,11,SRR2905714,TRB
350,CASSPGTSYEQYF,1.0,1.6139705288981422e-05,TRBV10-2,Unknown,TRBJ2-7,TGCGCCAGCAGCCCCGGGACCTCCTACGAGCAGTACTTC,13,SRR2905714,TRB
348,CASSPGTGFGGYTF,1.0,1.6139705288981422e-05,TRBV27,TRBD1,TRBJ1-2,TGTGCCAGCAGTCCCGGGACAGGGTTTGGAGGCTACACCTTC,14,SRR2905714,TRB
343,CASSPGLAGDPSYNEQFF,1.0,1.6139705288981422e-05,TRBV5-1,TRBD2,TRBJ2-1,TGCGCCAGCAGCCCCGGACTAGCGGGAGACCCCTCCTACAATGAGCAGTTCTTC,18,SRR2905714,TRB
342,CASSPGKGGKNYKQYF,1.0,1.6139705288981422e-05,TRBV7-9,TRBD1,TRBJ2-7,TGTGCCAGCAGCCCCGGGAAGGGGGGGAAGAACTACAAGCAGTACTTC,16,SRR2905714,TRB
340,CASSPGGTDTQYF,1.0,1.6139705288981422e-05,TRBV11-2,TRBD2,TRBJ2-3,TGTGCCAGCAGCCCTGGAGGTACAGATACGCAGTATTTT,13,SRR2905714,TRB
337,CASSPFDLSFGNEQFF,1.0,1.6139705288981422e-05,TRBV5-1,TRBD1,TRBJ2-1,TGCGCCAGCAGCCCCTTTGATTTGTCCTTTGGAAATGAGCAGTTCTTC,16,SRR2905714,TRB
333,CASSPALRGGETQYF,1.0,1.6139705288981422e-05,TRBV28,TRBD1,TRBJ2-5,TGTGCCAGCAGTCCAGCCCTTAGGGGCGGGGAGACCCAGTACTTC,15,SRR2905714,TRB
332,CASSPAGGGGFYEQYF,1.0,1.6139705288981422e-05,TRBV18,Unknown,TRBJ2-7,TGTGCCAGCTCACCGGCGGGGGGAGGTGGTTTCTACGAGCAGTACTTC,16,SRR2905714,TRB
330,CASSNRTSGSEGSIQYF,1.0,1.6139705288981422e-05,TRBV7-2,TRBD2,TRBJ2-4,TGTGCCAGCAGCAACCGGACTAGCGGGAGTGAAGGGAGCATTCAGTACTTC,17,SRR2905714,TRB
677,CVSSYSVRFFNEQFF,1.0,1.6139705288981422e-05,TRBV6-5,Unknown,TRBJ2-1,TGTGTCAGCAGTTACTCGGTCCGTTTCTTCAATGAGCAGTTCTTC,15,SRR2905714,TRB
